timestamp,energy,is_anomaly,event_id,position_in_event,event_size
2020-08-31 22:00:05+00:00,8769.601449127995,False,,,
2020-08-31 22:00:10+00:00,4272.573874515468,False,,,
2020-08-31 22:00:15+00:00,4213.857150587557,False,,,
2020-08-31 22:00:20+00:00,4846.126968433801,False,,,
2020-08-31 22:00:25+00:00,6032.916726944175,False,,,
2020-08-31 22:00:30+00:00,7379.310885550684,False,,,
2020-08-31 22:00:35+00:00,8051.334791861102,False,,,
2020-08-31 22:00:40+00:00,7136.397864101261,False,,,
2020-08-31 22:00:45+00:00,6115.852517747843,False,,,
2020-08-31 22:00:50+00:00,5677.054263651737,False,,,
2020-08-31 22:00:55+00:00,5831.564306847254,False,,,
2020-08-31 22:01:00+00:00,6061.646446133014,False,,,
2020-08-31 22:01:05+00:00,4955.762533989023,False,,,
2020-08-31 22:01:10+00:00,4460.2063872703475,False,,,
2020-08-31 22:01:15+00:00,5319.046333094424,False,,,
2020-08-31 22:01:20+00:00,5741.168898701853,False,,,
2020-08-31 22:01:25+00:00,5557.083860112807,False,,,
2020-08-31 22:01:30+00:00,5335.8240034057635,False,,,
2020-08-31 22:01:35+00:00,5296.801153661381,False,,,
2020-08-31 22:01:40+00:00,6373.375981670602,False,,,
2020-08-31 22:01:45+00:00,6782.919864307256,False,,,
2020-08-31 22:01:50+00:00,5274.985825949694,False,,,
2020-08-31 22:01:55+00:00,5826.429527212575,False,,,
2020-08-31 22:02:00+00:00,6549.093413171468,False,,,
2020-08-31 22:02:05+00:00,5704.159583412872,False,,,
2020-08-31 22:02:10+00:00,6074.464962517881,False,,,
2020-08-31 22:02:15+00:00,6199.932915157518,False,,,
2020-08-31 22:02:20+00:00,6059.766680654308,False,,,
2020-08-31 22:02:25+00:00,6212.495641768418,False,,,
2020-08-31 22:02:30+00:00,6602.649337115033,False,,,
2020-08-31 22:02:35+00:00,7340.305892908016,False,,,
2020-08-31 22:02:40+00:00,8464.903228259478,False,,,
2020-08-31 22:02:45+00:00,8364.863371237727,False,,,
2020-08-31 22:02:50+00:00,7187.606506500005,False,,,
2020-08-31 22:02:55+00:00,6813.431580265766,False,,,
2020-08-31 22:03:00+00:00,7077.9661872449915,False,,,
2020-08-31 22:03:05+00:00,6969.748889461803,False,,,
2020-08-31 22:03:10+00:00,6602.235752776308,False,,,
2020-08-31 22:03:15+00:00,6114.599356124065,False,,,
2020-08-31 22:03:20+00:00,5415.64147766365,False,,,
2020-08-31 22:03:25+00:00,5909.269459816459,False,,,
2020-08-31 22:03:30+00:00,7139.767009977486,False,,,
2020-08-31 22:03:35+00:00,7021.464820255873,False,,,
2020-08-31 22:03:40+00:00,6555.157561433876,False,,,
2020-08-31 22:03:45+00:00,7205.535239108107,False,,,
2020-08-31 22:03:50+00:00,7250.1470278301,False,,,
2020-08-31 22:03:55+00:00,6855.561707913166,False,,,
2020-08-31 22:04:00+00:00,7306.156221722901,False,,,
2020-08-31 22:04:05+00:00,7308.366136095119,False,,,
2020-08-31 22:04:10+00:00,14571.002051653835,False,,,
2020-08-31 22:04:15+00:00,36884.92376970366,False,,,
2020-08-31 22:04:20+00:00,30638.961592941538,False,,,
2020-08-31 22:04:25+00:00,10087.641264464306,False,,,
2020-08-31 22:04:30+00:00,11457.245030129292,False,,,
2020-08-31 22:04:35+00:00,9545.532255692688,False,,,
2020-08-31 22:04:40+00:00,6308.938417666011,False,,,
2020-08-31 22:04:45+00:00,6695.426954105012,False,,,
2020-08-31 22:04:50+00:00,7894.33683380637,False,,,
2020-08-31 22:04:55+00:00,7315.474597023179,False,,,
2020-08-31 22:05:00+00:00,6452.744073384471,False,,,
2020-08-31 22:05:05+00:00,29422.194784525076,False,,,
2020-08-31 22:05:10+00:00,31374.09818855195,False,,,
2020-08-31 22:05:15+00:00,9539.501866516508,False,,,
2020-08-31 22:05:20+00:00,7862.198160701479,False,,,
2020-08-31 22:05:25+00:00,8016.714901496351,False,,,
2020-08-31 22:05:30+00:00,8780.185326935754,False,,,
2020-08-31 22:05:35+00:00,7852.23617099594,False,,,
2020-08-31 22:05:40+00:00,7450.653327672659,False,,,
2020-08-31 22:05:45+00:00,6768.949946127118,False,,,
2020-08-31 22:05:50+00:00,5775.655054726128,False,,,
2020-08-31 22:05:55+00:00,6676.399341371549,False,,,
2020-08-31 22:06:00+00:00,6429.021327520866,False,,,
2020-08-31 22:06:05+00:00,4977.462820687934,False,,,
2020-08-31 22:06:10+00:00,4337.808406371699,False,,,
2020-08-31 22:06:15+00:00,4918.057182207206,False,,,
2020-08-31 22:06:20+00:00,5416.633910503464,False,,,
2020-08-31 22:06:25+00:00,5430.496058422001,False,,,
2020-08-31 22:06:30+00:00,6060.790513695081,False,,,
2020-08-31 22:06:35+00:00,6294.615463314489,False,,,
2020-08-31 22:06:40+00:00,9275.682480676762,False,,,
2020-08-31 22:06:45+00:00,8971.903318881996,False,,,
2020-08-31 22:06:50+00:00,5925.829027061636,False,,,
2020-08-31 22:06:55+00:00,5637.097755440505,False,,,
2020-08-31 22:07:00+00:00,4793.541568171298,False,,,
2020-08-31 22:07:05+00:00,4577.747865558682,False,,,
2020-08-31 22:07:10+00:00,4551.410486577002,False,,,
2020-08-31 22:07:15+00:00,4667.681412575426,False,,,
2020-08-31 22:07:20+00:00,4598.742326128088,False,,,
2020-08-31 22:07:25+00:00,4696.742819293867,False,,,
2020-08-31 22:07:30+00:00,4650.652325455065,False,,,
2020-08-31 22:07:35+00:00,5093.969390679255,False,,,
2020-08-31 22:07:40+00:00,5480.960484085648,False,,,
2020-08-31 22:07:45+00:00,6016.877594798296,False,,,
2020-08-31 22:07:50+00:00,6301.608558989271,False,,,
2020-08-31 22:07:55+00:00,5395.016469364817,False,,,
2020-08-31 22:08:00+00:00,4998.786380677712,False,,,
2020-08-31 22:08:05+00:00,5223.990421129682,False,,,
2020-08-31 22:08:10+00:00,5173.674793056592,False,,,
2020-08-31 22:08:15+00:00,6077.429046391061,False,,,
2020-08-31 22:08:20+00:00,6738.571518445551,False,,,
2020-08-31 22:08:25+00:00,5655.62229953459,False,,,
2020-08-31 22:08:30+00:00,5583.19885158403,False,,,
2020-08-31 22:08:35+00:00,5940.481738135951,False,,,
2020-08-31 22:08:40+00:00,4841.659873770723,False,,,
2020-08-31 22:08:45+00:00,4038.670275392943,False,,,
2020-08-31 22:08:50+00:00,4081.007983910298,False,,,
2020-08-31 22:08:55+00:00,4338.994383723059,False,,,
2020-08-31 22:09:00+00:00,5251.760681844182,False,,,
2020-08-31 22:09:05+00:00,5086.286628141113,False,,,
2020-08-31 22:09:10+00:00,4566.492231864693,False,,,
2020-08-31 22:09:15+00:00,4903.702203956278,False,,,
2020-08-31 22:09:20+00:00,5565.8066458405565,False,,,
2020-08-31 22:09:25+00:00,5658.768754712626,False,,,
2020-08-31 22:09:30+00:00,5551.688390808302,False,,,
2020-08-31 22:09:35+00:00,5632.198210522289,False,,,
2020-08-31 22:09:40+00:00,5129.387037537765,False,,,
2020-08-31 22:09:45+00:00,4702.136634678448,False,,,
2020-08-31 22:09:50+00:00,5673.240433194644,False,,,
2020-08-31 22:09:55+00:00,7019.942506128245,False,,,
2020-08-31 22:10:00+00:00,6420.904464372038,False,,,
2020-08-31 22:10:05+00:00,5713.740981608775,False,,,
2020-08-31 22:10:10+00:00,5345.632660513978,False,,,
2020-08-31 22:10:15+00:00,4699.430198255115,False,,,
2020-08-31 22:10:20+00:00,5047.722412499434,False,,,
2020-08-31 22:10:25+00:00,5543.464839929099,False,,,
2020-08-31 22:10:30+00:00,6629.1774164819,False,,,
2020-08-31 22:10:35+00:00,9317.539654810425,False,,,
2020-08-31 22:10:40+00:00,14788.68276733077,False,,,
2020-08-31 22:10:45+00:00,17505.685420744165,False,,,
2020-08-31 22:10:50+00:00,15314.646358918912,False,,,
2020-08-31 22:10:55+00:00,15201.667696947208,False,,,
2020-08-31 22:11:00+00:00,14829.33670846079,False,,,
2020-08-31 22:11:05+00:00,12282.698095358268,False,,,
2020-08-31 22:11:10+00:00,13400.772130305999,False,,,
2020-08-31 22:11:15+00:00,15195.780732691874,False,,,
2020-08-31 22:11:20+00:00,14633.006622713428,False,,,
2020-08-31 22:11:25+00:00,13092.870934060425,False,,,
2020-08-31 22:11:30+00:00,12407.272203811004,False,,,
2020-08-31 22:11:35+00:00,13154.709113534223,False,,,
2020-08-31 22:11:40+00:00,12602.275456618749,False,,,
2020-08-31 22:11:45+00:00,14253.36420599831,False,,,
2020-08-31 22:11:50+00:00,14279.453235218194,False,,,
2020-08-31 22:11:55+00:00,19419.613637881823,False,,,
2020-08-31 22:12:00+00:00,18106.05274323594,False,,,
2020-08-31 22:12:05+00:00,10735.781120969556,False,,,
2020-08-31 22:12:10+00:00,14630.49410031952,False,,,
2020-08-31 22:12:15+00:00,15649.637767943776,False,,,
2020-08-31 22:12:20+00:00,13530.852470893326,False,,,
2020-08-31 22:12:25+00:00,14588.938803828722,False,,,
2020-08-31 22:12:30+00:00,13170.871036001108,False,,,
2020-08-31 22:12:35+00:00,10086.016622627112,False,,,
2020-08-31 22:12:40+00:00,12155.542526456382,False,,,
2020-08-31 22:12:45+00:00,13105.088671941021,False,,,
2020-08-31 22:12:50+00:00,21647.209065373005,False,,,
2020-08-31 22:12:55+00:00,25423.768650090307,False,,,
2020-08-31 22:13:00+00:00,12401.179354594024,False,,,
2020-08-31 22:13:05+00:00,5706.295543106589,False,,,
2020-08-31 22:13:10+00:00,5433.644610600767,False,,,
2020-08-31 22:13:15+00:00,4905.500835646392,False,,,
2020-08-31 22:13:20+00:00,4756.822493979806,False,,,
2020-08-31 22:13:25+00:00,5421.6878185396245,False,,,
2020-08-31 22:13:30+00:00,6780.443681756175,False,,,
2020-08-31 22:13:35+00:00,6616.261388017518,False,,,
2020-08-31 22:13:40+00:00,6442.945734327339,False,,,
2020-08-31 22:13:45+00:00,6598.235322863917,False,,,
2020-08-31 22:13:50+00:00,5773.103847772481,False,,,
2020-08-31 22:13:55+00:00,5013.651828822107,False,,,
2020-08-31 22:14:00+00:00,5414.309350808733,False,,,
2020-08-31 22:14:05+00:00,6255.472746405701,False,,,
2020-08-31 22:14:10+00:00,6244.0590774490665,False,,,
2020-08-31 22:14:15+00:00,5422.545687956997,False,,,
2020-08-31 22:14:20+00:00,6064.077798806672,False,,,
2020-08-31 22:14:25+00:00,9153.669260278179,False,,,
2020-08-31 22:14:30+00:00,9522.091582834522,False,,,
2020-08-31 22:14:35+00:00,17555.2254113411,False,,,
2020-08-31 22:14:40+00:00,40847.35765933563,False,,,
2020-08-31 22:14:45+00:00,53258.870108306655,False,,,
2020-08-31 22:15:00+00:00,47055.57400609268,False,,,
2020-08-31 22:15:05+00:00,30626.033665931627,False,,,
2020-08-31 22:15:10+00:00,20024.500046281722,False,,,
2020-08-31 22:15:15+00:00,16016.682897418534,False,,,
2020-08-31 22:15:20+00:00,21975.20232869844,False,,,
2020-08-31 22:15:25+00:00,33812.33954727469,False,,,
2020-08-31 22:15:30+00:00,27414.850801131997,False,,,
2020-08-31 22:15:35+00:00,16027.414475800007,False,,,
2020-08-31 22:15:40+00:00,15570.6951142256,False,,,
2020-08-31 22:15:45+00:00,21737.859709489054,False,,,
2020-08-31 22:15:50+00:00,22352.123061066595,False,,,
2020-08-31 22:15:55+00:00,10736.585366094216,False,,,
2020-08-31 22:16:00+00:00,5703.100327008827,False,,,
2020-08-31 22:16:05+00:00,5779.2555362673975,False,,,
2020-08-31 22:16:10+00:00,4339.409391389695,False,,,
2020-08-31 22:16:15+00:00,3739.6118883496606,False,,,
2020-08-31 22:16:20+00:00,3277.8884940863436,False,,,
2020-08-31 22:16:25+00:00,3239.9968936009805,False,,,
2020-08-31 22:16:30+00:00,3407.2477026131437,False,,,
2020-08-31 22:16:35+00:00,3596.7275353234227,False,,,
2020-08-31 22:16:40+00:00,3534.766245836603,False,,,
2020-08-31 22:16:45+00:00,2923.6375855308015,False,,,
2020-08-31 22:16:50+00:00,4145.807134995398,False,,,
2020-08-31 22:16:55+00:00,4068.8728111472587,False,,,
2020-08-31 22:17:00+00:00,2517.718079935013,False,,,
2020-08-31 22:17:05+00:00,2668.5998321894735,False,,,
2020-08-31 22:17:10+00:00,2584.4540358444174,False,,,
2020-08-31 22:17:15+00:00,2429.7542452747634,False,,,
2020-08-31 22:17:20+00:00,2383.6141442923936,False,,,
2020-08-31 22:17:25+00:00,2417.8558578643047,False,,,
2020-08-31 22:17:30+00:00,4270.229180520334,False,,,
2020-08-31 22:17:35+00:00,4316.571741508896,False,,,
2020-08-31 22:17:40+00:00,2413.523707802438,False,,,
2020-08-31 22:17:45+00:00,2144.0448097292297,False,,,
2020-08-31 22:17:50+00:00,2695.5422569247467,False,,,
2020-08-31 22:17:55+00:00,3249.0976365113074,False,,,
2020-08-31 22:18:00+00:00,2529.519672804208,False,,,
2020-08-31 22:18:05+00:00,2639.8188671411954,False,,,
2020-08-31 22:18:10+00:00,3368.4708424387745,False,,,
2020-08-31 22:18:15+00:00,3931.100762636519,False,,,
2020-08-31 22:18:20+00:00,4002.561263841912,False,,,
2020-08-31 22:18:25+00:00,2839.5986325840054,False,,,
2020-08-31 22:18:30+00:00,2124.741037149449,False,,,
2020-08-31 22:18:35+00:00,2243.975500375293,False,,,
2020-08-31 22:18:40+00:00,2757.9826822627456,False,,,
2020-08-31 22:18:45+00:00,3042.388197719503,False,,,
2020-08-31 22:18:50+00:00,2754.5355067665246,False,,,
2020-08-31 22:18:55+00:00,2327.577480054828,False,,,
2020-08-31 22:19:00+00:00,2716.5202850171663,False,,,
2020-08-31 22:19:05+00:00,3546.6746635646396,False,,,
2020-08-31 22:19:10+00:00,3731.012475450947,False,,,
2020-08-31 22:19:15+00:00,4411.2892418216725,False,,,
2020-08-31 22:19:20+00:00,4287.319856045128,False,,,
2020-08-31 22:19:25+00:00,7448.808160401224,False,,,
2020-08-31 22:19:30+00:00,8479.732243265682,False,,,
2020-08-31 22:19:35+00:00,4966.2842156855995,False,,,
2020-08-31 22:19:40+00:00,3886.429444882655,False,,,
2020-08-31 22:19:45+00:00,3678.7907694233345,False,,,
2020-08-31 22:19:50+00:00,3846.888320674144,False,,,
2020-08-31 22:19:55+00:00,4805.8066031476355,False,,,
2020-08-31 22:20:00+00:00,5245.263578802688,False,,,
2020-08-31 22:20:05+00:00,4451.745059696084,False,,,
2020-08-31 22:20:10+00:00,4903.618573262945,False,,,
2020-08-31 22:20:15+00:00,5887.083696242947,False,,,
2020-08-31 22:20:20+00:00,5446.416898334698,False,,,
2020-08-31 22:20:25+00:00,6124.5897337921315,False,,,
2020-08-31 22:20:30+00:00,9082.273273669498,False,,,
2020-08-31 22:20:35+00:00,9695.595364478248,False,,,
2020-08-31 22:20:40+00:00,7081.626781881226,False,,,
2020-08-31 22:20:45+00:00,4990.217943139451,False,,,
2020-08-31 22:20:50+00:00,4615.956533578861,False,,,
2020-08-31 22:20:55+00:00,5509.346322379542,False,,,
2020-08-31 22:21:00+00:00,6368.782955727653,False,,,
2020-08-31 22:21:05+00:00,7278.954817832263,False,,,
2020-08-31 22:21:10+00:00,7490.86499091563,False,,,
2020-08-31 22:21:15+00:00,7991.578161670661,False,,,
2020-08-31 22:21:20+00:00,9035.911934939732,False,,,
2020-08-31 22:21:25+00:00,22604.442153335676,False,,,
2020-08-31 22:21:30+00:00,25728.50661383929,False,,,
2020-08-31 22:21:35+00:00,14544.788733513275,False,,,
2020-08-31 22:21:40+00:00,12962.081828333188,False,,,
2020-08-31 22:21:45+00:00,14432.30883798814,False,,,
2020-08-31 22:21:50+00:00,15481.074324702977,False,,,
2020-08-31 22:21:55+00:00,22523.342286713647,False,,,
2020-08-31 22:22:00+00:00,22943.198445756934,False,,,
2020-08-31 22:22:05+00:00,13489.730095307941,False,,,
2020-08-31 22:22:10+00:00,13473.909883786979,False,,,
2020-08-31 22:22:15+00:00,15136.976695511894,False,,,
2020-08-31 22:22:20+00:00,15521.741407095025,False,,,
2020-08-31 22:22:25+00:00,16950.78853656355,False,,,
2020-08-31 22:22:30+00:00,17011.77414076822,False,,,
2020-08-31 22:22:35+00:00,15511.983777782116,False,,,
2020-08-31 22:22:40+00:00,16491.77468428918,False,,,
2020-08-31 22:22:45+00:00,17161.08997756474,False,,,
2020-08-31 22:22:50+00:00,15650.661083655723,False,,,
2020-08-31 22:22:55+00:00,19100.31344455065,False,,,
2020-08-31 22:23:00+00:00,20556.93640174948,False,,,
2020-08-31 22:23:05+00:00,17670.31938791567,False,,,
2020-08-31 22:23:10+00:00,15864.147394304971,False,,,
2020-08-31 22:23:15+00:00,12757.507298755838,False,,,
2020-08-31 22:23:20+00:00,11278.935451769308,False,,,
2020-08-31 22:23:25+00:00,10108.594525951554,False,,,
2020-08-31 22:23:30+00:00,11452.042109224703,False,,,
2020-08-31 22:23:35+00:00,12107.163634283344,False,,,
2020-08-31 22:23:40+00:00,12253.667280528502,False,,,
2020-08-31 22:23:45+00:00,11383.709974739148,False,,,
2020-08-31 22:23:50+00:00,8708.953954538116,False,,,
2020-08-31 22:23:55+00:00,10790.086745630737,False,,,
2020-08-31 22:24:00+00:00,16440.86904345927,False,,,
2020-08-31 22:24:05+00:00,17705.131057328537,False,,,
2020-08-31 22:24:10+00:00,16474.76165542752,False,,,
2020-08-31 22:24:15+00:00,18070.03040093895,False,,,
2020-08-31 22:24:20+00:00,22292.408051036604,False,,,
2020-08-31 22:24:25+00:00,24433.19804921248,False,,,
2020-08-31 22:24:30+00:00,25281.390846371487,False,,,
2020-08-31 22:24:35+00:00,30054.56094456696,False,,,
2020-08-31 22:24:40+00:00,31519.470123261886,False,,,
2020-08-31 22:24:45+00:00,37914.07358150131,False,,,
2020-08-31 22:24:50+00:00,37824.29192129342,False,,,
2020-08-31 22:24:55+00:00,30663.363224508365,False,,,
2020-08-31 22:25:00+00:00,31661.126408727843,False,,,
2020-08-31 22:25:05+00:00,42854.12971193768,False,,,
2020-08-31 22:25:10+00:00,48634.518565491075,False,,,
2020-08-31 22:25:15+00:00,49065.85924065958,False,,,
2020-08-31 22:25:20+00:00,54840.403016778415,False,,,
2020-08-31 22:25:25+00:00,39894.827077560316,False,,,
2020-08-31 22:25:30+00:00,21322.784681167344,False,,,
2020-08-31 22:25:35+00:00,16087.388109478472,False,,,
2020-08-31 22:25:40+00:00,14649.164620809363,False,,,
2020-08-31 22:25:45+00:00,14636.102286706311,False,,,
2020-08-31 22:25:50+00:00,16999.547678440602,False,,,
2020-08-31 22:25:55+00:00,17361.07045886086,False,,,
2020-08-31 22:26:00+00:00,15295.940402637909,False,,,
2020-08-31 22:26:05+00:00,21025.18666992662,False,,,
2020-08-31 22:26:10+00:00,21077.836664144477,False,,,
2020-08-31 22:26:15+00:00,11865.945981533056,False,,,
2020-08-31 22:26:20+00:00,8134.54924144681,False,,,
2020-08-31 22:26:25+00:00,7770.6203214258685,False,,,
2020-08-31 22:26:30+00:00,10776.8699262653,False,,,
2020-08-31 22:26:35+00:00,12549.714355044967,False,,,
2020-08-31 22:26:40+00:00,13451.572195928755,False,,,
2020-08-31 22:26:45+00:00,11973.754763599041,False,,,
2020-08-31 22:26:50+00:00,12255.3948453694,False,,,
2020-08-31 22:26:55+00:00,30296.874670021694,False,,,
2020-08-31 22:27:00+00:00,51597.970004822695,False,,,
2020-08-31 22:27:10+00:00,45680.61320401101,False,,,
2020-08-31 22:27:15+00:00,40134.32430771834,False,,,
2020-08-31 22:27:20+00:00,42166.878649626815,False,,,
2020-08-31 22:27:25+00:00,42830.51995414241,False,,,
2020-08-31 22:27:30+00:00,30973.852607849403,False,,,
2020-08-31 22:27:35+00:00,16632.90204621896,False,,,
2020-08-31 22:27:40+00:00,14420.236355224748,False,,,
2020-08-31 22:27:45+00:00,15979.051140695547,False,,,
2020-08-31 22:27:50+00:00,14500.563190302277,False,,,
2020-08-31 22:27:55+00:00,16783.453565205018,False,,,
2020-08-31 22:28:00+00:00,24140.855672110498,False,,,
2020-08-31 22:28:05+00:00,18030.788207659956,False,,,
2020-08-31 22:28:10+00:00,13735.820529506665,False,,,
2020-08-31 22:28:15+00:00,24062.267257196494,False,,,
2020-08-31 22:28:20+00:00,30421.936578177076,False,,,
2020-08-31 22:28:25+00:00,42393.6420400872,False,,,
2020-08-31 22:28:30+00:00,48893.27030035869,False,,,
2020-08-31 22:28:35+00:00,40336.70984828551,False,,,
2020-08-31 22:28:40+00:00,28198.930668078414,False,,,
2020-08-31 22:28:45+00:00,20064.96908672513,False,,,
2020-08-31 22:28:50+00:00,18513.231397480144,False,,,
2020-08-31 22:28:55+00:00,15697.990697378136,False,,,
2020-08-31 22:29:00+00:00,17153.555024394387,False,,,
2020-08-31 22:29:05+00:00,21210.528123133296,False,,,
2020-08-31 22:29:10+00:00,26702.11690806492,False,,,
2020-08-31 22:29:15+00:00,22941.42961921072,False,,,
2020-08-31 22:29:20+00:00,16286.09986429752,False,,,
2020-08-31 22:29:25+00:00,15442.251230316266,False,,,
2020-08-31 22:29:30+00:00,14043.62199429823,False,,,
2020-08-31 22:29:35+00:00,14154.644575373943,False,,,
2020-08-31 22:29:40+00:00,14565.974378542185,False,,,
2020-08-31 22:29:45+00:00,14841.123268454981,False,,,
2020-08-31 22:29:50+00:00,17355.869002226336,False,,,
2020-08-31 22:29:55+00:00,20293.906455740667,False,,,
2020-08-31 22:30:00+00:00,19088.367204644303,False,,,
2020-08-31 22:30:05+00:00,18950.38562935707,False,,,
2020-08-31 22:30:10+00:00,14722.984653204881,False,,,
2020-08-31 22:30:15+00:00,20141.516748887796,False,,,
2020-08-31 22:30:20+00:00,24553.101584528256,False,,,
2020-08-31 22:30:25+00:00,26502.05712664163,False,,,
2020-08-31 22:30:30+00:00,35228.19890261165,False,,,
2020-08-31 22:30:35+00:00,25995.920152121893,False,,,
2020-08-31 22:30:40+00:00,15833.072625768977,False,,,
2020-08-31 22:30:45+00:00,18151.386501121324,False,,,
2020-08-31 22:30:50+00:00,21456.870069237462,False,,,
2020-08-31 22:30:55+00:00,23007.965640770766,False,,,
2020-08-31 22:31:00+00:00,23059.778096798644,False,,,
2020-08-31 22:31:05+00:00,20430.47304950113,False,,,
2020-08-31 22:31:10+00:00,21086.765084571354,False,,,
2020-08-31 22:31:15+00:00,28506.48359181334,False,,,
2020-08-31 22:31:20+00:00,36540.50912642894,False,,,
2020-08-31 22:31:25+00:00,31983.698371167353,False,,,
2020-08-31 22:31:30+00:00,30579.068033750566,False,,,
2020-08-31 22:31:35+00:00,27897.665894674374,False,,,
2020-08-31 22:31:40+00:00,17991.485852073634,False,,,
2020-08-31 22:31:45+00:00,15524.965798972891,False,,,
2020-08-31 22:31:50+00:00,17867.22007192067,False,,,
2020-08-31 22:31:55+00:00,21532.35119757639,False,,,
2020-08-31 22:32:00+00:00,23246.35988111216,False,,,
2020-08-31 22:32:05+00:00,18130.575337366718,False,,,
2020-08-31 22:32:10+00:00,22394.46535862523,False,,,
2020-08-31 22:32:15+00:00,30890.81529092415,False,,,
2020-08-31 22:32:20+00:00,21727.627791096595,False,,,
2020-08-31 22:32:25+00:00,15624.643689788918,False,,,
2020-08-31 22:32:30+00:00,17749.991623970778,False,,,
2020-08-31 22:32:35+00:00,21848.17902278256,False,,,
2020-08-31 22:32:40+00:00,24416.119363891077,False,,,
2020-08-31 22:32:45+00:00,19261.83992898351,False,,,
2020-08-31 22:32:50+00:00,17885.508799988358,False,,,
2020-08-31 22:32:55+00:00,42538.56040304193,False,,,
2020-08-31 22:33:05+00:00,41176.80486668649,False,,,
2020-08-31 22:33:10+00:00,30240.885210902103,False,,,
2020-08-31 22:33:15+00:00,19845.85770705474,False,,,
2020-08-31 22:33:20+00:00,12826.899732225376,False,,,
2020-08-31 22:33:25+00:00,17792.28185197739,False,,,
2020-08-31 22:33:30+00:00,26126.10582714191,False,,,
2020-08-31 22:33:35+00:00,25813.307014246948,False,,,
2020-08-31 22:33:40+00:00,15073.162461272408,False,,,
2020-08-31 22:33:55+00:00,17285.820662349834,False,,,
2020-08-31 22:34:00+00:00,13929.726763593575,False,,,
2020-08-31 22:34:05+00:00,11136.131401949948,False,,,
2020-08-31 22:34:10+00:00,12503.726698611117,False,,,
2020-08-31 22:34:15+00:00,11937.337980122127,False,,,
2020-08-31 22:34:20+00:00,10825.920961952881,False,,,
2020-08-31 22:34:25+00:00,9076.863834564621,False,,,
2020-08-31 22:34:30+00:00,9208.801446513715,False,,,
2020-08-31 22:34:35+00:00,9648.619416454312,False,,,
2020-08-31 22:34:40+00:00,7780.2046844773295,False,,,
2020-08-31 22:34:45+00:00,8867.557485401454,False,,,
2020-08-31 22:34:50+00:00,9041.394226030245,False,,,
2020-08-31 22:34:55+00:00,7711.046117368857,False,,,
2020-08-31 22:35:00+00:00,7721.964424479596,False,,,
2020-08-31 22:35:05+00:00,7663.4952914519,False,,,
2020-08-31 22:35:10+00:00,7398.020151679945,False,,,
2020-08-31 22:35:15+00:00,6195.198632378656,False,,,
2020-08-31 22:35:20+00:00,6229.952516538967,False,,,
2020-08-31 22:35:25+00:00,13959.317742401197,False,,,
2020-08-31 22:35:30+00:00,16717.819840281532,False,,,
2020-08-31 22:35:35+00:00,14379.160558359705,False,,,
2020-08-31 22:35:40+00:00,12506.410573283809,False,,,
2020-08-31 22:35:45+00:00,8471.974388061535,False,,,
2020-08-31 22:35:50+00:00,7793.132893322055,False,,,
2020-08-31 22:35:55+00:00,7667.786281749348,False,,,
2020-08-31 22:36:00+00:00,7707.523122734814,False,,,
2020-08-31 22:36:05+00:00,7353.817479754231,False,,,
2020-08-31 22:36:10+00:00,8154.997502009501,False,,,
2020-08-31 22:36:15+00:00,8232.381484195786,False,,,
2020-08-31 22:36:20+00:00,6117.844761579111,False,,,
2020-08-31 22:36:25+00:00,5719.803971932194,False,,,
2020-08-31 22:36:30+00:00,6671.659255563427,False,,,
2020-08-31 22:36:35+00:00,7265.509707691928,False,,,
2020-08-31 22:36:40+00:00,7630.048861922734,False,,,
2020-08-31 22:36:45+00:00,8129.252805812322,False,,,
2020-08-31 22:36:50+00:00,8238.727378048101,False,,,
2020-08-31 22:36:55+00:00,7700.618281143031,False,,,
2020-08-31 22:37:00+00:00,8428.552829097463,False,,,
2020-08-31 22:37:05+00:00,10521.962378223749,False,,,
2020-08-31 22:37:10+00:00,15886.435934592124,False,,,
2020-08-31 22:37:15+00:00,15210.434768809488,False,,,
2020-08-31 22:37:20+00:00,9873.730527980773,False,,,
2020-08-31 22:37:25+00:00,7948.123457981663,False,,,
2020-08-31 22:37:30+00:00,6902.637550858785,False,,,
2020-08-31 22:37:35+00:00,7668.663101752605,False,,,
2020-08-31 22:37:40+00:00,7676.742657385622,False,,,
2020-08-31 22:37:45+00:00,9088.126784718343,False,,,
2020-08-31 22:37:50+00:00,10109.756511208103,False,,,
2020-08-31 22:37:55+00:00,9360.244531302214,False,,,
2020-08-31 22:38:00+00:00,9504.670303788938,False,,,
2020-08-31 22:38:05+00:00,8887.122110141121,False,,,
2020-08-31 22:38:10+00:00,8339.060118549236,False,,,
2020-08-31 22:38:15+00:00,8260.631751401623,False,,,
2020-08-31 22:38:20+00:00,8587.73796102072,False,,,
2020-08-31 22:38:25+00:00,8110.411107680024,False,,,
2020-08-31 22:38:30+00:00,7105.663973853055,False,,,
2020-08-31 22:38:35+00:00,6986.668489473949,False,,,
2020-08-31 22:38:40+00:00,6756.299820434724,False,,,
2020-08-31 22:38:45+00:00,7181.010042928856,False,,,
2020-08-31 22:38:50+00:00,7542.7979823353735,False,,,
2020-08-31 22:38:55+00:00,7665.410932400407,False,,,
2020-08-31 22:39:00+00:00,8271.237695195066,False,,,
2020-08-31 22:39:05+00:00,8513.077815979932,False,,,
2020-08-31 22:39:10+00:00,8677.729394107162,False,,,
2020-08-31 22:39:15+00:00,8492.333969813464,False,,,
2020-08-31 22:39:20+00:00,9356.767283868607,False,,,
2020-08-31 22:39:25+00:00,10144.975615901516,False,,,
2020-08-31 22:39:30+00:00,8950.818706980986,False,,,
2020-08-31 22:39:35+00:00,6013.004476241159,False,,,
2020-08-31 22:39:40+00:00,5866.84584545486,False,,,
2020-08-31 22:39:45+00:00,5538.780346218337,False,,,
2020-08-31 22:39:50+00:00,3085.749923624141,False,,,
2020-08-31 22:39:55+00:00,3834.372514421047,False,,,
2020-08-31 22:40:00+00:00,4285.294885168306,False,,,
2020-08-31 22:40:05+00:00,3818.5689615838824,False,,,
2020-08-31 22:40:10+00:00,3300.0356960688796,False,,,
2020-08-31 22:40:15+00:00,3287.9995983463064,False,,,
2020-08-31 22:40:20+00:00,3196.0198687086863,False,,,
2020-08-31 22:40:25+00:00,2760.5531233450156,False,,,
2020-08-31 22:40:30+00:00,11425.359728250143,False,,,
2020-08-31 22:40:35+00:00,11661.279749018933,False,,,
2020-08-31 22:40:40+00:00,2916.621841251082,False,,,
2020-08-31 22:40:45+00:00,2837.072332833872,False,,,
2020-08-31 22:40:50+00:00,3114.5401459559557,False,,,
2020-08-31 22:40:55+00:00,2770.82114841902,False,,,
2020-08-31 22:41:00+00:00,2536.4734488497775,False,,,
2020-08-31 22:41:05+00:00,2555.776727509341,False,,,
2020-08-31 22:41:10+00:00,2597.178952524604,False,,,
2020-08-31 22:41:15+00:00,3463.561611033032,False,,,
2020-08-31 22:41:20+00:00,4221.370379901292,False,,,
2020-08-31 22:41:25+00:00,13864.209710002415,False,,,
2020-08-31 22:41:30+00:00,20493.663404392995,False,,,
2020-08-31 22:41:35+00:00,17878.736880037628,False,,,
2020-08-31 22:41:40+00:00,17768.03911682192,False,,,
2020-08-31 22:41:45+00:00,18977.82457172947,False,,,
2020-08-31 22:41:50+00:00,16276.159382415384,False,,,
2020-08-31 22:41:55+00:00,11917.725295275515,False,,,
2020-08-31 22:42:00+00:00,12831.76021757732,False,,,
2020-08-31 22:42:05+00:00,11724.126907389667,False,,,
2020-08-31 22:42:10+00:00,10877.862025041934,False,,,
2020-08-31 22:42:15+00:00,13176.971336613084,False,,,
2020-08-31 22:42:20+00:00,13945.07152559602,False,,,
2020-08-31 22:42:25+00:00,20485.28985001084,False,,,
2020-08-31 22:42:30+00:00,23930.56410331723,False,,,
2020-08-31 22:42:35+00:00,20468.694915024018,False,,,
2020-08-31 22:42:40+00:00,20161.36260289531,False,,,
2020-08-31 22:42:45+00:00,19679.84819187808,False,,,
2020-08-31 22:42:50+00:00,21842.931331445,False,,,
2020-08-31 22:42:55+00:00,23780.14331955531,False,,,
2020-08-31 22:43:00+00:00,28627.076087348683,False,,,
2020-08-31 22:43:05+00:00,28245.374216630466,False,,,
2020-08-31 22:43:10+00:00,19524.293578650162,False,,,
2020-08-31 22:43:15+00:00,15165.922172612833,False,,,
2020-08-31 22:43:20+00:00,14297.96870190268,False,,,
2020-08-31 22:43:25+00:00,18396.110418972952,False,,,
2020-08-31 22:43:30+00:00,21031.426990995315,False,,,
2020-08-31 22:43:35+00:00,27460.6619992427,False,,,
2020-08-31 22:43:40+00:00,28499.105016296446,False,,,
2020-08-31 22:43:45+00:00,19743.903515481165,False,,,
2020-08-31 22:43:50+00:00,21508.60685973775,False,,,
2020-08-31 22:43:55+00:00,28841.934426704145,False,,,
2020-08-31 22:44:00+00:00,29836.03184841975,False,,,
2020-08-31 22:44:05+00:00,27474.96672457948,False,,,
2020-08-31 22:44:10+00:00,29595.153577677156,False,,,
2020-08-31 22:44:15+00:00,35820.06019356013,False,,,
2020-08-31 22:44:20+00:00,38397.29631216971,False,,,
2020-08-31 22:44:25+00:00,37267.371367967025,False,,,
2020-08-31 22:44:30+00:00,34672.97904501411,False,,,
2020-08-31 22:44:35+00:00,43185.74594919568,False,,,
2020-08-31 22:44:40+00:00,40165.577543635954,False,,,
2020-08-31 22:44:45+00:00,25352.655088968753,False,,,
2020-08-31 22:44:50+00:00,27633.557950933944,False,,,
2020-08-31 22:44:55+00:00,28341.534014371482,False,,,
2020-08-31 22:45:00+00:00,29912.618014168664,False,,,
2020-08-31 22:45:05+00:00,37090.52645615642,False,,,
2020-08-31 22:45:10+00:00,49259.39219735566,False,,,
2020-08-31 22:45:20+00:00,54636.283744798704,False,,,
2020-08-31 22:45:25+00:00,38205.01108927383,False,,,
2020-08-31 22:45:30+00:00,41538.3774523683,False,,,
2020-08-31 22:45:35+00:00,43632.26123411974,False,,,
2020-08-31 22:45:40+00:00,34126.73489617335,False,,,
2020-08-31 22:45:45+00:00,31765.924546461247,False,,,
2020-08-31 22:45:50+00:00,34567.92172380106,False,,,
2020-08-31 22:45:55+00:00,37914.903138371374,False,,,
2020-08-31 22:46:00+00:00,38192.39400717497,False,,,
2020-08-31 22:46:05+00:00,39368.84248964885,False,,,
2020-08-31 22:46:10+00:00,35949.681292711466,False,,,
2020-08-31 22:46:15+00:00,26820.55227491221,False,,,
2020-08-31 22:46:20+00:00,43798.49856136511,False,,,
2020-08-31 22:46:25+00:00,54767.55260233012,False,,,
2020-08-31 22:46:30+00:00,36760.61765343318,False,,,
2020-08-31 22:46:35+00:00,25504.24188943405,False,,,
2020-08-31 22:46:40+00:00,27942.21157113298,False,,,
2020-08-31 22:46:45+00:00,31314.013372834175,False,,,
2020-08-31 22:46:50+00:00,31230.840090799982,False,,,
2020-08-31 22:46:55+00:00,32181.544749104825,False,,,
2020-08-31 22:47:00+00:00,27718.17579936202,False,,,
2020-08-31 22:47:05+00:00,28980.27972580383,False,,,
2020-08-31 22:47:10+00:00,39515.795370595675,False,,,
2020-08-31 22:47:15+00:00,32719.546184141174,False,,,
2020-08-31 22:47:20+00:00,17016.396379162095,False,,,
2020-08-31 22:47:25+00:00,13469.871775899279,False,,,
2020-08-31 22:47:30+00:00,12620.617836614094,False,,,
2020-08-31 22:47:35+00:00,13393.915218817461,False,,,
2020-08-31 22:47:40+00:00,15314.902396925081,False,,,
2020-08-31 22:47:45+00:00,11030.271940743132,False,,,
2020-08-31 22:47:50+00:00,7470.944558866158,False,,,
2020-08-31 22:47:55+00:00,6507.006510100709,False,,,
2020-08-31 22:48:00+00:00,7412.630324279073,False,,,
2020-08-31 22:48:05+00:00,11426.65091372026,False,,,
2020-08-31 22:48:10+00:00,11486.928537490165,False,,,
2020-08-31 22:48:15+00:00,10633.275537301028,False,,,
2020-08-31 22:48:20+00:00,10819.576852782506,False,,,
2020-08-31 22:48:25+00:00,8533.751839128245,False,,,
2020-08-31 22:48:30+00:00,8833.369629260485,False,,,
2020-08-31 22:48:35+00:00,9932.632442502769,False,,,
2020-08-31 22:48:40+00:00,8857.637219568087,False,,,
2020-08-31 22:48:45+00:00,9961.746495987734,False,,,
2020-08-31 22:48:50+00:00,10608.832744837953,False,,,
2020-08-31 22:48:55+00:00,13272.050714011877,False,,,
2020-08-31 22:49:00+00:00,36814.222080530766,False,,,
2020-08-31 22:49:05+00:00,48436.32980948355,False,,,
2020-08-31 22:49:10+00:00,35614.58109453355,False,,,
2020-08-31 22:49:15+00:00,33199.7622567888,False,,,
2020-08-31 22:49:20+00:00,35601.04312825774,False,,,
2020-08-31 22:49:25+00:00,34459.59497241491,False,,,
2020-08-31 22:49:30+00:00,27543.45419166783,False,,,
2020-08-31 22:49:35+00:00,21094.02255519212,False,,,
2020-08-31 22:49:40+00:00,22121.00319055585,False,,,
2020-08-31 22:49:45+00:00,21654.228401658973,False,,,
2020-08-31 22:49:50+00:00,14988.460425217978,False,,,
2020-08-31 22:49:55+00:00,10869.89966239963,False,,,
2020-08-31 22:50:00+00:00,9227.643668547802,False,,,
2020-08-31 22:50:05+00:00,8537.698578481777,False,,,
2020-08-31 22:50:10+00:00,11209.587186338935,False,,,
2020-08-31 22:50:15+00:00,12189.44071470691,False,,,
2020-08-31 22:50:20+00:00,12114.362939074457,False,,,
2020-08-31 22:50:25+00:00,11994.817748964837,False,,,
2020-08-31 22:50:30+00:00,11057.526841497602,False,,,
2020-08-31 22:50:35+00:00,10480.735629744519,False,,,
2020-08-31 22:50:40+00:00,8983.380562058457,False,,,
2020-08-31 22:50:45+00:00,6999.788023055169,False,,,
2020-08-31 22:50:50+00:00,6943.91555027918,False,,,
2020-08-31 22:50:55+00:00,7665.973990586979,False,,,
2020-08-31 22:51:00+00:00,8935.943002695043,False,,,
2020-08-31 22:51:05+00:00,9839.039902795577,False,,,
2020-08-31 22:51:10+00:00,9630.07858998139,False,,,
2020-08-31 22:51:15+00:00,10440.291338760293,False,,,
2020-08-31 22:51:20+00:00,10861.013037643545,False,,,
2020-08-31 22:51:25+00:00,10087.073166137146,False,,,
2020-08-31 22:51:30+00:00,8990.662883324283,False,,,
2020-08-31 22:51:35+00:00,8711.563258157377,False,,,
2020-08-31 22:51:40+00:00,7937.195532935231,False,,,
2020-08-31 22:51:45+00:00,7612.985463233594,False,,,
2020-08-31 22:51:50+00:00,7093.167090687092,False,,,
2020-08-31 22:51:55+00:00,5067.486735738389,False,,,
2020-08-31 22:52:00+00:00,5276.581517180835,False,,,
2020-08-31 22:52:05+00:00,5232.191414917814,False,,,
2020-08-31 22:52:10+00:00,5220.383218113694,False,,,
2020-08-31 22:52:15+00:00,5443.481557607674,False,,,
2020-08-31 22:52:20+00:00,4718.683352159839,False,,,
2020-08-31 22:52:25+00:00,4831.110303097075,False,,,
2020-08-31 22:52:30+00:00,4882.89236095499,False,,,
2020-08-31 22:52:35+00:00,4664.38816605266,False,,,
2020-08-31 22:52:40+00:00,4631.951435659429,False,,,
2020-08-31 22:52:45+00:00,4588.963261939259,False,,,
2020-08-31 22:52:50+00:00,4853.564224879462,False,,,
2020-08-31 22:52:55+00:00,5066.929224265642,False,,,
2020-08-31 22:53:00+00:00,5073.429262960783,False,,,
2020-08-31 22:53:05+00:00,5760.787118737012,False,,,
2020-08-31 22:53:10+00:00,5539.582147697785,False,,,
2020-08-31 22:53:15+00:00,4902.767289996892,False,,,
2020-08-31 22:53:20+00:00,4941.705955947402,False,,,
2020-08-31 22:53:25+00:00,4530.0117219837675,False,,,
2020-08-31 22:53:40+00:00,3728.2795721633456,False,,,
2020-08-31 22:53:45+00:00,3777.4974012380662,False,,,
2020-08-31 22:53:50+00:00,4074.850582880442,False,,,
2020-08-31 22:53:55+00:00,4251.580249081599,False,,,
2020-08-31 22:54:00+00:00,4262.5481649751955,False,,,
2020-08-31 22:54:05+00:00,4009.428888640127,False,,,
2020-08-31 22:54:10+00:00,3841.3029316115744,False,,,
2020-08-31 22:54:15+00:00,3794.6835742958274,False,,,
2020-08-31 22:54:20+00:00,4460.58735115239,False,,,
2020-08-31 22:54:25+00:00,4787.660857112492,False,,,
2020-08-31 22:54:30+00:00,5907.8576882726475,False,,,
2020-08-31 22:54:35+00:00,8366.294382294667,False,,,
2020-08-31 22:54:40+00:00,8873.853814209358,False,,,
2020-08-31 22:54:45+00:00,8011.902902253094,False,,,
2020-08-31 22:54:50+00:00,7786.664794442613,False,,,
2020-08-31 22:54:55+00:00,7876.795323270875,False,,,
2020-08-31 22:55:00+00:00,7571.060307320858,False,,,
2020-08-31 22:55:05+00:00,8106.400698390468,False,,,
2020-08-31 22:55:10+00:00,8426.108937376228,False,,,
2020-08-31 22:55:15+00:00,7736.179552433063,False,,,
2020-08-31 22:55:20+00:00,6932.593505858638,False,,,
2020-08-31 22:55:25+00:00,7774.927155217638,False,,,
2020-08-31 22:55:30+00:00,8713.749867888911,False,,,
2020-08-31 22:55:35+00:00,8821.905257500472,False,,,
2020-08-31 22:55:40+00:00,8119.151353038303,False,,,
2020-08-31 22:55:45+00:00,6989.585315049367,False,,,
2020-08-31 22:55:50+00:00,7828.329523927097,False,,,
2020-08-31 22:55:55+00:00,8726.196004258214,False,,,
2020-08-31 22:56:00+00:00,8909.569113721087,False,,,
2020-08-31 22:56:05+00:00,7675.636975311866,False,,,
2020-08-31 22:56:10+00:00,6146.961720363324,False,,,
2020-08-31 22:56:15+00:00,5678.068825665595,False,,,
2020-08-31 22:56:20+00:00,6123.009884279065,False,,,
2020-08-31 22:56:25+00:00,6029.753672288679,False,,,
2020-08-31 22:56:30+00:00,5955.5848041784275,False,,,
2020-08-31 22:56:35+00:00,5511.344564939213,False,,,
2020-08-31 22:56:40+00:00,4141.151143783087,False,,,
2020-08-31 22:56:45+00:00,4160.621216016273,False,,,
2020-08-31 22:56:50+00:00,4301.820738656007,False,,,
2020-08-31 22:56:55+00:00,4532.862913822391,False,,,
2020-08-31 22:57:00+00:00,4860.5432535172295,False,,,
2020-08-31 22:57:05+00:00,4085.508525946145,False,,,
2020-08-31 22:57:10+00:00,3543.639476407162,False,,,
2020-08-31 22:57:15+00:00,3840.65817472049,False,,,
2020-08-31 22:57:20+00:00,4449.586433452818,False,,,
2020-08-31 22:57:25+00:00,4624.509149586787,False,,,
2020-08-31 22:57:30+00:00,4303.0983463486555,False,,,
2020-08-31 22:57:35+00:00,4259.386895389729,False,,,
2020-08-31 22:57:40+00:00,4722.052887702935,False,,,
2020-08-31 22:57:45+00:00,5045.351821695198,False,,,
2020-08-31 22:57:50+00:00,4378.141742373972,False,,,
2020-08-31 22:57:55+00:00,4167.757940775645,False,,,
2020-08-31 22:58:00+00:00,7661.7298903415485,False,,,
2020-08-31 22:58:05+00:00,9403.863041510504,False,,,
2020-08-31 22:58:10+00:00,6405.932284334264,False,,,
2020-08-31 22:58:15+00:00,4273.470820971433,False,,,
2020-08-31 22:58:20+00:00,3990.989496564177,False,,,
2020-08-31 22:58:25+00:00,4262.653418592437,False,,,
2020-08-31 22:58:30+00:00,3852.9329626433946,False,,,
2020-08-31 22:58:35+00:00,3790.3629285293227,False,,,
2020-08-31 22:58:40+00:00,3797.7304305944917,False,,,
2020-08-31 22:58:45+00:00,3693.292923447648,False,,,
2020-08-31 22:58:50+00:00,3855.9005587962693,False,,,
2020-08-31 22:58:55+00:00,3995.1901935077485,False,,,
2020-08-31 22:59:00+00:00,4130.575468485799,False,,,
2020-08-31 22:59:05+00:00,4028.731014875635,False,,,
2020-08-31 22:59:10+00:00,3986.46125145182,False,,,
2020-08-31 22:59:15+00:00,3759.5730035738316,False,,,
2020-08-31 22:59:20+00:00,3402.5800299798557,False,,,
2020-08-31 22:59:25+00:00,3484.7741463925736,False,,,
2020-08-31 22:59:30+00:00,3963.857278330095,False,,,
2020-08-31 22:59:35+00:00,4290.232645879138,False,,,
2020-08-31 22:59:40+00:00,4505.085216185455,False,,,
2020-08-31 22:59:45+00:00,4278.885439121352,False,,,
2020-08-31 22:59:50+00:00,3967.8655584198805,False,,,
2020-08-31 22:59:55+00:00,4003.864546734512,False,,,
2020-08-31 23:00:00+00:00,4257.072636593658,False,,,
2020-08-31 23:00:05+00:00,4396.312238360933,False,,,
2020-08-31 23:00:10+00:00,4417.646386389872,False,,,
2020-08-31 23:00:15+00:00,4113.680071958323,False,,,
2020-08-31 23:00:20+00:00,3539.8505904134154,False,,,
2020-08-31 23:00:25+00:00,3246.7666757802394,False,,,
2020-08-31 23:00:30+00:00,3033.749884124058,False,,,
2020-08-31 23:00:35+00:00,3488.1642000903576,False,,,
2020-08-31 23:00:40+00:00,3971.245209986561,False,,,
2020-08-31 23:00:45+00:00,3148.4441024066346,False,,,
2020-08-31 23:00:50+00:00,3007.8419274686776,False,,,
2020-08-31 23:00:55+00:00,3664.0220186002007,False,,,
2020-08-31 23:01:00+00:00,5028.915409844656,False,,,
2020-08-31 23:01:05+00:00,6998.114229724075,False,,,
2020-08-31 23:01:10+00:00,5656.699666029562,False,,,
2020-08-31 23:01:15+00:00,3305.4983676840156,False,,,
2020-08-31 23:01:20+00:00,2597.2961382707804,False,,,
2020-08-31 23:01:25+00:00,2417.176828123032,False,,,
2020-08-31 23:01:30+00:00,2918.9239808186608,False,,,
2020-08-31 23:01:35+00:00,4177.486459298742,False,,,
2020-08-31 23:01:40+00:00,4230.697995157431,False,,,
2020-08-31 23:01:45+00:00,3583.45701796359,False,,,
2020-08-31 23:01:50+00:00,3805.900287772566,False,,,
2020-08-31 23:01:55+00:00,4478.668178250858,False,,,
2020-08-31 23:02:00+00:00,5483.584080337137,False,,,
2020-08-31 23:02:05+00:00,5338.722565446806,False,,,
2020-08-31 23:02:10+00:00,4706.110785184726,False,,,
2020-08-31 23:02:15+00:00,4273.572452780917,False,,,
2020-08-31 23:02:20+00:00,4228.368305076904,False,,,
2020-08-31 23:02:25+00:00,4539.737871629069,False,,,
2020-08-31 23:02:30+00:00,4681.511596473886,False,,,
2020-08-31 23:02:35+00:00,5197.661809852045,False,,,
2020-08-31 23:02:40+00:00,5985.52756175001,False,,,
2020-08-31 23:02:45+00:00,5211.022901698259,False,,,
2020-08-31 23:02:50+00:00,3521.0632282900183,False,,,
2020-08-31 23:02:55+00:00,3159.136423099725,False,,,
2020-08-31 23:03:00+00:00,3254.9103206896816,False,,,
2020-08-31 23:03:05+00:00,2983.593238752321,False,,,
2020-08-31 23:03:10+00:00,2784.781297884301,False,,,
2020-08-31 23:03:15+00:00,3086.6843409528865,False,,,
2020-08-31 23:03:20+00:00,3604.9568548285074,False,,,
2020-08-31 23:03:25+00:00,3784.0218320494246,False,,,
2020-08-31 23:03:30+00:00,5197.3079790455995,False,,,
2020-08-31 23:03:35+00:00,6515.984520579711,False,,,
2020-08-31 23:03:40+00:00,5801.6440170115075,False,,,
2020-08-31 23:03:45+00:00,6257.642291389523,False,,,
2020-08-31 23:03:50+00:00,7120.540079436731,False,,,
2020-08-31 23:04:05+00:00,6797.197987376118,False,,,
2020-08-31 23:04:10+00:00,6444.710734406601,False,,,
2020-08-31 23:04:15+00:00,4889.265929420447,False,,,
2020-08-31 23:04:20+00:00,4257.492526860505,False,,,
2020-08-31 23:04:25+00:00,4794.936707695176,False,,,
2020-08-31 23:04:30+00:00,17198.112727387244,False,,,
2020-08-31 23:04:35+00:00,15782.548073591197,False,,,
2020-08-31 23:04:40+00:00,2887.919339476958,False,,,
2020-08-31 23:04:45+00:00,3061.6484700860065,False,,,
2020-08-31 23:04:50+00:00,2936.6492398709593,False,,,
2020-08-31 23:04:55+00:00,2494.9321083194027,False,,,
2020-08-31 23:05:00+00:00,2318.803256271882,False,,,
2020-08-31 23:05:05+00:00,2454.746227874653,False,,,
2020-08-31 23:05:10+00:00,3820.9758038176274,False,,,
2020-08-31 23:05:15+00:00,4213.551983256388,False,,,
2020-08-31 23:05:20+00:00,2940.722850687988,False,,,
2020-08-31 23:05:25+00:00,3240.3114810828874,False,,,
2020-08-31 23:05:30+00:00,5221.905291806437,False,,,
2020-08-31 23:05:35+00:00,6704.880392355537,False,,,
2020-08-31 23:05:40+00:00,7906.616299593808,False,,,
2020-08-31 23:05:45+00:00,8482.994759241861,False,,,
2020-08-31 23:05:50+00:00,7376.7042747007545,False,,,
2020-08-31 23:05:55+00:00,7079.081306448901,False,,,
2020-08-31 23:06:00+00:00,7607.571539440982,False,,,
2020-08-31 23:06:05+00:00,7821.332274047932,False,,,
2020-08-31 23:06:10+00:00,7767.180016124297,False,,,
2020-08-31 23:06:15+00:00,7103.624943701164,False,,,
2020-08-31 23:06:20+00:00,5774.212128096143,False,,,
2020-08-31 23:06:25+00:00,6356.04660066969,False,,,
2020-08-31 23:06:30+00:00,6589.161430869093,False,,,
2020-08-31 23:06:35+00:00,5744.2678796930395,False,,,
2020-08-31 23:06:40+00:00,5700.833055683649,False,,,
2020-08-31 23:06:45+00:00,5246.117651577404,False,,,
2020-08-31 23:06:50+00:00,5810.817334506579,False,,,
2020-08-31 23:06:55+00:00,7020.131771751021,False,,,
2020-08-31 23:07:00+00:00,7761.138856138034,False,,,
2020-08-31 23:07:05+00:00,7634.685077414093,False,,,
2020-08-31 23:07:10+00:00,7860.249474077878,False,,,
2020-08-31 23:07:15+00:00,8009.419957860808,False,,,
2020-08-31 23:07:20+00:00,9214.757989787973,False,,,
2020-08-31 23:07:25+00:00,10581.283946679727,False,,,
2020-08-31 23:07:30+00:00,10734.505191543907,False,,,
2020-08-31 23:07:35+00:00,11121.81985227746,False,,,
2020-08-31 23:07:40+00:00,10990.674258208119,False,,,
2020-08-31 23:07:45+00:00,10990.339326429481,False,,,
2020-08-31 23:07:50+00:00,11210.950706121854,False,,,
2020-08-31 23:07:55+00:00,12167.874797654691,False,,,
2020-08-31 23:08:00+00:00,12354.14875381331,False,,,
2020-08-31 23:08:05+00:00,10303.35099063975,False,,,
2020-08-31 23:08:20+00:00,10388.27657961446,False,,,
2020-08-31 23:08:25+00:00,11049.519340457904,False,,,
2020-08-31 23:08:30+00:00,13430.466402671203,False,,,
2020-08-31 23:08:35+00:00,13283.834327445282,False,,,
2020-08-31 23:08:40+00:00,11593.98055636651,False,,,
2020-08-31 23:08:45+00:00,18289.117908491033,False,,,
2020-08-31 23:08:50+00:00,18892.302018377093,False,,,
2020-08-31 23:08:55+00:00,11233.911583826124,False,,,
2020-08-31 23:09:00+00:00,8137.476084382943,False,,,
2020-08-31 23:09:05+00:00,7856.35409953106,False,,,
2020-08-31 23:09:10+00:00,10604.420919537055,False,,,
2020-08-31 23:09:15+00:00,7268.285934331305,False,,,
2020-08-31 23:09:20+00:00,2659.9408742623577,False,,,
2020-08-31 23:09:25+00:00,2556.583735561864,False,,,
2020-08-31 23:09:30+00:00,2614.0405151130685,False,,,
2020-08-31 23:09:35+00:00,7807.98491902265,False,,,
2020-08-31 23:09:40+00:00,8388.38756258976,False,,,
2020-08-31 23:09:45+00:00,3210.6646845695122,False,,,
2020-08-31 23:09:50+00:00,2546.3895868558525,False,,,
2020-08-31 23:09:55+00:00,2524.9946205788797,False,,,
2020-08-31 23:10:00+00:00,2849.182846403677,False,,,
2020-08-31 23:10:05+00:00,3693.590600095785,False,,,
2020-08-31 23:10:10+00:00,3457.570383478059,False,,,
2020-08-31 23:10:15+00:00,2567.1864327988264,False,,,
2020-08-31 23:10:20+00:00,2592.2273853810084,False,,,
2020-08-31 23:10:25+00:00,2469.9831061458026,False,,,
2020-08-31 23:10:30+00:00,2288.7337141307903,False,,,
2020-08-31 23:10:35+00:00,2380.821929974027,False,,,
2020-08-31 23:10:40+00:00,2482.2080876463374,False,,,
2020-08-31 23:10:45+00:00,2289.309799662673,False,,,
2020-08-31 23:10:50+00:00,2384.928850833097,False,,,
2020-08-31 23:10:55+00:00,2532.033590002193,False,,,
2020-08-31 23:11:00+00:00,2250.947140686867,False,,,
2020-08-31 23:11:05+00:00,2448.2753042338018,False,,,
2020-08-31 23:11:10+00:00,2791.780015298134,False,,,
2020-08-31 23:11:15+00:00,2638.1191930195223,False,,,
2020-08-31 23:11:20+00:00,2469.0226287342375,False,,,
2020-08-31 23:11:25+00:00,2691.629062437932,False,,,
2020-08-31 23:11:30+00:00,3658.8086677887536,False,,,
2020-08-31 23:11:35+00:00,3521.26540126071,False,,,
2020-08-31 23:11:40+00:00,2503.4136461096523,False,,,
2020-08-31 23:11:45+00:00,2417.490041211348,False,,,
2020-08-31 23:11:50+00:00,2562.9164865930916,False,,,
2020-08-31 23:11:55+00:00,2745.3691659674437,False,,,
2020-08-31 23:12:00+00:00,2714.4314559040163,False,,,
2020-08-31 23:12:05+00:00,2608.5872879280964,False,,,
2020-08-31 23:12:10+00:00,2530.5073462585483,False,,,
2020-08-31 23:12:15+00:00,2618.6117903176,False,,,
2020-08-31 23:12:20+00:00,4649.151226896539,False,,,
2020-08-31 23:12:25+00:00,7583.22117806329,False,,,
2020-08-31 23:12:30+00:00,5658.030393631148,False,,,
2020-08-31 23:12:35+00:00,2551.644149017052,False,,,
2020-08-31 23:12:40+00:00,2511.5987842498926,False,,,
2020-08-31 23:12:45+00:00,2570.975737452266,False,,,
2020-08-31 23:12:50+00:00,6612.150132333121,False,,,
2020-08-31 23:12:55+00:00,6434.592893459043,False,,,
2020-08-31 23:13:00+00:00,2437.7311811244,False,,,
2020-08-31 23:13:05+00:00,2579.5211488807786,False,,,
2020-08-31 23:13:10+00:00,2876.3376297326377,False,,,
2020-08-31 23:13:15+00:00,2929.0335931487784,False,,,
2020-08-31 23:13:20+00:00,2473.405146888378,False,,,
2020-08-31 23:13:25+00:00,2485.000345665946,False,,,
2020-08-31 23:13:30+00:00,2469.741749112004,False,,,
2020-08-31 23:13:35+00:00,2743.654410380018,False,,,
2020-08-31 23:13:40+00:00,2889.002632054703,False,,,
2020-08-31 23:13:45+00:00,2952.812111489301,False,,,
2020-08-31 23:13:50+00:00,3015.0820780372987,False,,,
2020-08-31 23:13:55+00:00,4261.268668061187,False,,,
2020-08-31 23:14:00+00:00,5021.548311977967,False,,,
2020-08-31 23:14:05+00:00,3702.7740783430827,False,,,
2020-08-31 23:14:10+00:00,3646.961215863749,False,,,
2020-08-31 23:14:15+00:00,4427.452119685888,False,,,
2020-08-31 23:14:20+00:00,4179.549925029047,False,,,
2020-08-31 23:14:25+00:00,4277.25251811606,False,,,
2020-08-31 23:14:30+00:00,5729.760569554726,False,,,
2020-08-31 23:14:35+00:00,7166.362380452043,False,,,
2020-08-31 23:14:40+00:00,8231.19255838022,False,,,
2020-08-31 23:14:45+00:00,6476.887677086489,False,,,
2020-08-31 23:14:50+00:00,5894.365316630476,False,,,
2020-08-31 23:14:55+00:00,6677.4326501761025,False,,,
2020-08-31 23:15:00+00:00,14413.807077614205,False,,,
2020-08-31 23:15:05+00:00,20322.26056437526,False,,,
2020-08-31 23:15:10+00:00,14422.007304966068,False,,,
2020-08-31 23:15:15+00:00,12081.749975439168,False,,,
2020-08-31 23:15:20+00:00,12185.266670299918,False,,,
2020-08-31 23:15:25+00:00,13915.554214363634,False,,,
2020-08-31 23:15:30+00:00,14646.500657534663,False,,,
2020-08-31 23:15:35+00:00,14176.269807475495,False,,,
2020-08-31 23:15:40+00:00,14270.693057784158,False,,,
2020-08-31 23:15:45+00:00,12918.550034497288,False,,,
2020-08-31 23:15:50+00:00,11669.73448199488,False,,,
2020-08-31 23:15:55+00:00,10848.963369625792,False,,,
2020-08-31 23:16:00+00:00,11503.57715386119,False,,,
2020-08-31 23:16:05+00:00,13352.852537578186,False,,,
2020-08-31 23:16:10+00:00,15960.810220298512,False,,,
2020-08-31 23:16:15+00:00,18033.427463113367,False,,,
2020-08-31 23:16:20+00:00,18552.042097769554,False,,,
2020-08-31 23:16:25+00:00,19884.40612373064,False,,,
2020-08-31 23:16:30+00:00,21983.850246595226,False,,,
2020-08-31 23:16:35+00:00,25928.89657154562,False,,,
2020-08-31 23:16:40+00:00,32806.412720080545,False,,,
2020-08-31 23:16:45+00:00,31736.696256411688,False,,,
2020-08-31 23:16:50+00:00,31420.81269368536,False,,,
2020-08-31 23:16:55+00:00,33175.4921390206,False,,,
2020-08-31 23:17:00+00:00,31796.905904610474,False,,,
2020-08-31 23:17:05+00:00,27034.290313162935,False,,,
2020-08-31 23:17:10+00:00,19487.852624234856,False,,,
2020-08-31 23:17:15+00:00,16323.129125226533,False,,,
2020-08-31 23:17:20+00:00,17361.837125319307,False,,,
2020-08-31 23:17:25+00:00,20922.43373148257,False,,,
2020-08-31 23:17:30+00:00,23971.347540728915,False,,,
2020-08-31 23:17:35+00:00,28352.90931748999,False,,,
2020-08-31 23:17:40+00:00,32769.71374045691,False,,,
2020-08-31 23:17:45+00:00,36311.7697388864,False,,,
2020-08-31 23:17:50+00:00,30888.305475848043,False,,,
2020-08-31 23:17:55+00:00,24720.69830036391,False,,,
2020-08-31 23:18:00+00:00,38669.104575039644,False,,,
2020-08-31 23:18:05+00:00,41680.1852154979,False,,,
2020-08-31 23:18:10+00:00,36490.69713780872,False,,,
2020-08-31 23:18:15+00:00,41168.42014244342,False,,,
2020-08-31 23:18:20+00:00,47550.19154338009,False,,,
2020-08-31 23:18:25+00:00,51842.289526806664,False,,,
2020-08-31 23:18:30+00:00,47298.236068955404,False,,,
2020-08-31 23:18:35+00:00,45784.00375248396,False,,,
2020-08-31 23:18:50+00:00,46398.052747722424,False,,,
2020-08-31 23:18:55+00:00,36967.956059406824,False,,,
2020-08-31 23:19:00+00:00,21923.342061382296,False,,,
2020-08-31 23:19:05+00:00,23093.034294172332,False,,,
2020-08-31 23:19:10+00:00,24221.466688287222,False,,,
2020-08-31 23:19:15+00:00,25788.26012516046,False,,,
2020-08-31 23:19:20+00:00,35021.66033197375,False,,,
2020-08-31 23:19:25+00:00,27075.457782060665,False,,,
2020-08-31 23:19:30+00:00,23328.70726855521,False,,,
2020-08-31 23:19:35+00:00,23689.378618700757,False,,,
2020-08-31 23:19:40+00:00,26974.814294218828,False,,,
2020-08-31 23:19:45+00:00,36206.5655341892,False,,,
2020-08-31 23:19:50+00:00,38414.33052489499,False,,,
2020-08-31 23:19:55+00:00,37508.06584916623,False,,,
2020-08-31 23:20:00+00:00,41213.51419559569,False,,,
2020-08-31 23:20:05+00:00,39565.29833699856,False,,,
2020-08-31 23:20:10+00:00,34237.51583347759,False,,,
2020-08-31 23:20:15+00:00,36098.68974744927,False,,,
2020-08-31 23:20:20+00:00,33180.092868598,False,,,
2020-08-31 23:20:25+00:00,39547.26922563359,False,,,
2020-08-31 23:20:30+00:00,67769.35200321811,True,1.0,1.0,4.0
2020-08-31 23:20:35+00:00,78258.23675721767,True,1.0,2.0,4.0
2020-08-31 23:20:40+00:00,70574.16262234088,True,1.0,3.0,4.0
2020-08-31 23:20:45+00:00,59368.26105110455,True,1.0,4.0,4.0
2020-08-31 23:20:50+00:00,51302.7057776024,False,,,
2020-08-31 23:20:55+00:00,49601.59311649784,False,,,
2020-08-31 23:21:00+00:00,43112.749839399265,False,,,
2020-08-31 23:21:05+00:00,41858.34687126521,False,,,
2020-08-31 23:21:10+00:00,40051.42186038061,False,,,
2020-08-31 23:21:15+00:00,37907.28471470805,False,,,
2020-08-31 23:21:20+00:00,39040.64529436316,False,,,
2020-08-31 23:21:25+00:00,40688.56013808654,False,,,
2020-08-31 23:21:30+00:00,38971.99233525706,False,,,
2020-08-31 23:21:35+00:00,34843.53518734043,False,,,
2020-08-31 23:21:40+00:00,38445.644843624825,False,,,
2020-08-31 23:21:45+00:00,38742.863702401846,False,,,
2020-08-31 23:21:50+00:00,34354.667614248785,False,,,
2020-08-31 23:21:55+00:00,30360.299972954173,False,,,
2020-08-31 23:22:00+00:00,28121.069931752347,False,,,
2020-08-31 23:22:05+00:00,23189.049514600767,False,,,
2020-08-31 23:22:10+00:00,17083.09146230468,False,,,
2020-08-31 23:22:15+00:00,17033.87943093123,False,,,
2020-08-31 23:22:20+00:00,20005.861340335563,False,,,
2020-08-31 23:22:25+00:00,23068.503294699,False,,,
2020-08-31 23:22:30+00:00,23801.601298191374,False,,,
2020-08-31 23:22:35+00:00,20783.402963118948,False,,,
2020-08-31 23:22:40+00:00,18693.255603373927,False,,,
2020-08-31 23:22:45+00:00,17871.848872385082,False,,,
2020-08-31 23:22:50+00:00,21664.781567559105,False,,,
2020-08-31 23:22:55+00:00,29362.511001927676,False,,,
2020-08-31 23:23:00+00:00,25366.589815927888,False,,,
2020-08-31 23:23:05+00:00,20728.6523880307,False,,,
2020-08-31 23:23:10+00:00,19779.90519807626,False,,,
2020-08-31 23:23:15+00:00,18396.38973754019,False,,,
2020-08-31 23:23:20+00:00,21096.506098190548,False,,,
2020-08-31 23:23:25+00:00,19432.15837607401,False,,,
2020-08-31 23:23:30+00:00,14461.202600308712,False,,,
2020-08-31 23:23:35+00:00,17567.48045671608,False,,,
2020-08-31 23:23:40+00:00,19001.820829252927,False,,,
2020-08-31 23:23:45+00:00,15723.550653902868,False,,,
2020-08-31 23:23:50+00:00,16466.831027342138,False,,,
2020-08-31 23:23:55+00:00,18128.18630381659,False,,,
2020-08-31 23:24:00+00:00,17394.1935786886,False,,,
2020-08-31 23:24:05+00:00,19232.337050918377,False,,,
2020-08-31 23:24:10+00:00,20613.414657607223,False,,,
2020-08-31 23:24:15+00:00,18480.25112210591,False,,,
2020-08-31 23:24:20+00:00,17029.683881921064,False,,,
2020-08-31 23:24:25+00:00,16379.389388409763,False,,,
2020-08-31 23:24:30+00:00,15934.443066069502,False,,,
2020-08-31 23:24:35+00:00,12913.493630671732,False,,,
2020-08-31 23:24:40+00:00,10159.348443566498,False,,,
2020-08-31 23:24:45+00:00,13293.46720663783,False,,,
2020-08-31 23:24:50+00:00,17022.908771256607,False,,,
2020-08-31 23:24:55+00:00,23520.229515752835,False,,,
2020-08-31 23:25:00+00:00,33436.8229078186,False,,,
2020-08-31 23:25:05+00:00,30831.437448113524,False,,,
2020-08-31 23:25:10+00:00,24850.71950087855,False,,,
2020-08-31 23:25:15+00:00,24766.730971633617,False,,,
2020-08-31 23:25:20+00:00,24774.127460928583,False,,,
2020-08-31 23:25:25+00:00,28489.275911453726,False,,,
2020-08-31 23:25:30+00:00,27987.647442281956,False,,,
2020-08-31 23:25:35+00:00,25948.41217845709,False,,,
2020-08-31 23:25:40+00:00,29242.803044621716,False,,,
2020-08-31 23:25:45+00:00,33217.41700008612,False,,,
2020-08-31 23:25:50+00:00,28530.843469684874,False,,,
2020-08-31 23:25:55+00:00,24516.632266745804,False,,,
2020-08-31 23:26:00+00:00,30187.631131818132,False,,,
2020-08-31 23:26:05+00:00,34901.9616597316,False,,,
2020-08-31 23:26:10+00:00,27575.88890033639,False,,,
2020-08-31 23:26:15+00:00,15484.382758473728,False,,,
2020-08-31 23:26:20+00:00,13969.066819548687,False,,,
2020-08-31 23:26:25+00:00,17028.17517090474,False,,,
2020-08-31 23:26:30+00:00,19449.943183333085,False,,,
2020-08-31 23:26:35+00:00,20229.545578570498,False,,,
2020-08-31 23:26:40+00:00,19944.927756638535,False,,,
2020-08-31 23:26:45+00:00,20683.783069095916,False,,,
2020-08-31 23:26:50+00:00,17431.85405931191,False,,,
2020-08-31 23:26:55+00:00,11956.08154436556,False,,,
2020-08-31 23:27:00+00:00,21864.52235887677,False,,,
2020-08-31 23:27:05+00:00,33971.83114642184,False,,,
2020-08-31 23:27:10+00:00,30390.502132382342,False,,,
2020-08-31 23:27:15+00:00,20806.39875517405,False,,,
2020-08-31 23:27:20+00:00,14292.956811097369,False,,,
2020-08-31 23:27:25+00:00,11450.956948848492,False,,,
2020-08-31 23:27:30+00:00,11210.554595405545,False,,,
2020-08-31 23:27:35+00:00,14094.61374138486,False,,,
2020-08-31 23:27:40+00:00,18769.078953751385,False,,,
2020-08-31 23:27:45+00:00,25849.06262731997,False,,,
2020-08-31 23:27:50+00:00,28171.081923347905,False,,,
2020-08-31 23:27:55+00:00,25642.49599931719,False,,,
2020-08-31 23:28:00+00:00,23989.009741903006,False,,,
2020-08-31 23:28:05+00:00,22539.4714380441,False,,,
2020-08-31 23:28:10+00:00,18364.433351472693,False,,,
2020-08-31 23:28:15+00:00,11698.824793444683,False,,,
2020-08-31 23:28:20+00:00,12217.22621912526,False,,,
2020-08-31 23:28:25+00:00,16842.871710303243,False,,,
2020-08-31 23:28:30+00:00,14980.126086511173,False,,,
2020-08-31 23:28:35+00:00,12275.661110450703,False,,,
2020-08-31 23:28:40+00:00,11314.267584593334,False,,,
2020-08-31 23:28:45+00:00,9146.103468532678,False,,,
2020-08-31 23:28:50+00:00,7294.622331618461,False,,,
2020-08-31 23:28:55+00:00,6908.98596777599,False,,,
2020-08-31 23:29:00+00:00,7131.8540755298,False,,,
2020-08-31 23:29:05+00:00,7737.264707254102,False,,,
2020-08-31 23:29:10+00:00,11933.025704959698,False,,,
2020-08-31 23:29:15+00:00,13516.453131413888,False,,,
2020-08-31 23:29:20+00:00,9465.706729136797,False,,,
2020-08-31 23:29:25+00:00,7085.204329016914,False,,,
2020-08-31 23:29:30+00:00,6163.631178839715,False,,,
2020-08-31 23:29:35+00:00,4592.393168774543,False,,,
2020-08-31 23:29:40+00:00,4949.660668017561,False,,,
2020-08-31 23:29:45+00:00,4583.6142527843385,False,,,
2020-08-31 23:29:50+00:00,3384.782581688847,False,,,
2020-08-31 23:29:55+00:00,3571.8958738263977,False,,,
2020-08-31 23:30:00+00:00,3765.602003829668,False,,,
2020-08-31 23:30:05+00:00,4195.403123808877,False,,,
2020-08-31 23:30:10+00:00,5491.964886177058,False,,,
2020-08-31 23:30:15+00:00,5500.829808319086,False,,,
2020-08-31 23:30:20+00:00,5280.425365713728,False,,,
2020-08-31 23:30:25+00:00,6311.69024464881,False,,,
2020-08-31 23:30:30+00:00,6434.144627551566,False,,,
2020-08-31 23:30:35+00:00,5749.545327027068,False,,,
2020-08-31 23:30:40+00:00,6025.711905517231,False,,,
2020-08-31 23:30:45+00:00,5869.202564384108,False,,,
2020-08-31 23:30:50+00:00,5954.589308105342,False,,,
2020-08-31 23:30:55+00:00,7304.497768754868,False,,,
2020-08-31 23:31:00+00:00,6197.940571084899,False,,,
2020-08-31 23:31:05+00:00,5835.115233700046,False,,,
2020-08-31 23:31:10+00:00,7686.512628623761,False,,,
2020-08-31 23:31:15+00:00,7509.825175209147,False,,,
2020-08-31 23:31:20+00:00,6890.637828821593,False,,,
2020-08-31 23:31:25+00:00,7457.878773144187,False,,,
2020-08-31 23:31:30+00:00,8729.37408313903,False,,,
2020-08-31 23:31:35+00:00,8474.402917370437,False,,,
2020-08-31 23:31:40+00:00,7476.316196278804,False,,,
2020-08-31 23:31:45+00:00,6975.308033831547,False,,,
2020-08-31 23:31:50+00:00,5822.080687891726,False,,,
2020-08-31 23:31:55+00:00,6629.790576783873,False,,,
2020-08-31 23:32:00+00:00,8125.17596854222,False,,,
2020-08-31 23:32:05+00:00,9566.816216244428,False,,,
2020-08-31 23:32:10+00:00,9358.487757509361,False,,,
2020-08-31 23:32:15+00:00,7627.911597358552,False,,,
2020-08-31 23:32:20+00:00,6410.7408759256405,False,,,
2020-08-31 23:32:25+00:00,5706.224670380945,False,,,
2020-08-31 23:32:30+00:00,6263.280878659009,False,,,
2020-08-31 23:32:35+00:00,6975.78961934248,False,,,
2020-08-31 23:32:40+00:00,6420.667648052589,False,,,
2020-08-31 23:32:45+00:00,6078.515039003678,False,,,
2020-08-31 23:32:50+00:00,6318.3638398646235,False,,,
2020-08-31 23:32:55+00:00,7879.419756760275,False,,,
2020-08-31 23:33:00+00:00,7988.040011438411,False,,,
2020-08-31 23:33:05+00:00,6443.215472519256,False,,,
2020-08-31 23:33:10+00:00,7633.49210205028,False,,,
2020-08-31 23:33:15+00:00,7280.979416392534,False,,,
2020-08-31 23:33:20+00:00,6090.665881269273,False,,,
2020-08-31 23:33:25+00:00,6776.603814985034,False,,,
2020-08-31 23:33:30+00:00,6671.1817192070675,False,,,
2020-08-31 23:33:35+00:00,6571.430713548831,False,,,
2020-08-31 23:33:40+00:00,5964.212248192007,False,,,
2020-08-31 23:33:45+00:00,5741.0313412862,False,,,
2020-08-31 23:33:50+00:00,6426.522410055868,False,,,
2020-08-31 23:33:55+00:00,7052.361166552719,False,,,
2020-08-31 23:34:00+00:00,7866.326545071703,False,,,
2020-08-31 23:34:05+00:00,7394.224363219164,False,,,
2020-08-31 23:34:10+00:00,6222.045475634374,False,,,
2020-08-31 23:34:15+00:00,5733.664758520326,False,,,
2020-08-31 23:34:20+00:00,6423.567941369476,False,,,
2020-08-31 23:34:25+00:00,7061.157495032954,False,,,
2020-08-31 23:34:30+00:00,7768.323095760003,False,,,
2020-08-31 23:34:35+00:00,7818.3307788591455,False,,,
2020-08-31 23:34:40+00:00,6791.430832463262,False,,,
2020-08-31 23:34:45+00:00,7424.100254014696,False,,,
2020-08-31 23:34:50+00:00,7876.71969786941,False,,,
2020-08-31 23:34:55+00:00,7642.147902274578,False,,,
2020-08-31 23:35:00+00:00,9014.781766388522,False,,,
2020-08-31 23:35:05+00:00,9336.769696689067,False,,,
2020-08-31 23:35:10+00:00,8264.547151252471,False,,,
2020-08-31 23:35:15+00:00,10956.37225401418,False,,,
2020-08-31 23:35:20+00:00,20020.89884743953,False,,,
2020-08-31 23:35:25+00:00,22441.548341902104,False,,,
2020-08-31 23:35:30+00:00,19519.351245375587,False,,,
2020-08-31 23:35:35+00:00,17896.530026899087,False,,,
2020-08-31 23:35:40+00:00,15808.405425648465,False,,,
2020-08-31 23:35:45+00:00,37647.079335820126,False,,,
2020-08-31 23:35:50+00:00,34741.94369225236,False,,,
2020-08-31 23:35:55+00:00,11192.090227162056,False,,,
2020-08-31 23:36:00+00:00,39234.50738465824,False,,,
2020-08-31 23:36:05+00:00,38942.30638925181,False,,,
2020-08-31 23:36:10+00:00,11977.654008041367,False,,,
2020-08-31 23:36:15+00:00,12782.998563751971,False,,,
2020-08-31 23:36:20+00:00,12339.751724670403,False,,,
2020-08-31 23:36:25+00:00,14981.671475484569,False,,,
2020-08-31 23:36:30+00:00,47148.23743148075,False,,,
2020-08-31 23:36:35+00:00,46972.05324857726,False,,,
2020-08-31 23:36:40+00:00,18749.67830380975,False,,,
2020-08-31 23:36:45+00:00,21128.272120101305,False,,,
2020-08-31 23:36:50+00:00,27798.57992699503,False,,,
2020-08-31 23:36:55+00:00,30889.844022853176,False,,,
2020-08-31 23:37:00+00:00,26295.56378664743,False,,,
2020-08-31 23:37:05+00:00,30331.264303895925,False,,,
2020-08-31 23:37:10+00:00,31819.844783618304,False,,,
2020-08-31 23:37:15+00:00,28383.173161626924,False,,,
2020-08-31 23:37:20+00:00,30647.641328277346,False,,,
2020-08-31 23:37:25+00:00,39096.08959338821,False,,,
2020-08-31 23:37:30+00:00,46748.1780645044,False,,,
2020-08-31 23:37:35+00:00,41755.72763044438,False,,,
2020-08-31 23:37:40+00:00,42967.901612513946,False,,,
2020-08-31 23:37:45+00:00,44989.2395516102,False,,,
2020-08-31 23:37:50+00:00,34304.11398079172,False,,,
2020-08-31 23:37:55+00:00,29941.336860463343,False,,,
2020-08-31 23:38:00+00:00,45468.462280255655,False,,,
2020-08-31 23:38:05+00:00,66279.55589040465,True,2.0,1.0,4.0
2020-08-31 23:38:10+00:00,85692.40039424736,True,2.0,2.0,4.0
2020-08-31 23:38:15+00:00,82431.28613886464,True,2.0,3.0,4.0
2020-08-31 23:38:20+00:00,59216.030273521785,True,2.0,4.0,4.0
2020-08-31 23:38:25+00:00,48704.31616609938,False,,,
2020-08-31 23:38:30+00:00,52352.052289426094,False,,,
2020-08-31 23:39:35+00:00,52709.424752173494,False,,,
2020-08-31 23:39:40+00:00,42482.736490906565,False,,,
2020-08-31 23:39:45+00:00,46229.02889195933,False,,,
2020-08-31 23:39:50+00:00,47024.42830254104,False,,,
2020-08-31 23:39:55+00:00,40780.17112561071,False,,,
2020-08-31 23:40:00+00:00,40935.515691850575,False,,,
2020-08-31 23:40:05+00:00,44921.773902357694,False,,,
2020-08-31 23:40:10+00:00,44493.45120723629,False,,,
2020-08-31 23:40:15+00:00,37116.159111045876,False,,,
2020-08-31 23:40:20+00:00,32998.602625495085,False,,,
2020-08-31 23:40:25+00:00,29896.93390414719,False,,,
2020-08-31 23:40:30+00:00,26118.74066659597,False,,,
2020-08-31 23:40:35+00:00,29799.4901234061,False,,,
2020-08-31 23:40:40+00:00,34433.02436349137,False,,,
2020-08-31 23:40:45+00:00,34950.63333839423,False,,,
2020-08-31 23:40:50+00:00,30765.587907911296,False,,,
2020-08-31 23:40:55+00:00,25753.83274625928,False,,,
2020-08-31 23:41:00+00:00,31106.65602945298,False,,,
2020-08-31 23:41:05+00:00,33535.73509603053,False,,,
2020-08-31 23:41:10+00:00,39338.36332429374,False,,,
2020-08-31 23:41:15+00:00,47257.34005148552,False,,,
2020-08-31 23:41:20+00:00,38896.21461770166,False,,,
2020-08-31 23:41:25+00:00,30804.99473194615,False,,,
2020-08-31 23:41:30+00:00,38055.58671343659,False,,,
2020-08-31 23:41:35+00:00,49621.825993895385,False,,,
2020-08-31 23:41:45+00:00,51095.73941030394,False,,,
2020-08-31 23:41:50+00:00,47692.33427933459,False,,,
2020-08-31 23:41:55+00:00,45383.34625026352,False,,,
2020-08-31 23:42:00+00:00,35672.308026441744,False,,,
2020-08-31 23:42:05+00:00,32523.849440605947,False,,,
2020-08-31 23:42:10+00:00,26395.987518905145,False,,,
2020-08-31 23:42:15+00:00,23154.249769444286,False,,,
2020-08-31 23:42:20+00:00,26992.554343929613,False,,,
2020-08-31 23:42:25+00:00,28763.168495537717,False,,,
2020-08-31 23:42:30+00:00,24554.93199785921,False,,,
2020-08-31 23:42:35+00:00,23977.59132482978,False,,,
2020-08-31 23:42:40+00:00,31170.16680204071,False,,,
2020-08-31 23:42:45+00:00,31829.404613840845,False,,,
2020-08-31 23:42:50+00:00,21766.79326744011,False,,,
2020-08-31 23:42:55+00:00,20439.697286128307,False,,,
2020-08-31 23:43:00+00:00,28488.198390592435,False,,,
2020-08-31 23:43:05+00:00,29093.750668196648,False,,,
2020-08-31 23:43:10+00:00,41057.908687995965,False,,,
2020-08-31 23:43:15+00:00,51912.54543499144,False,,,
2020-08-31 23:43:20+00:00,42108.98752509782,False,,,
2020-08-31 23:43:25+00:00,28654.044662762935,False,,,
2020-08-31 23:43:30+00:00,21250.417221410557,False,,,
2020-08-31 23:43:35+00:00,25004.011685686477,False,,,
2020-08-31 23:43:40+00:00,27495.77357527778,False,,,
2020-08-31 23:43:45+00:00,23063.50837605776,False,,,
2020-08-31 23:43:50+00:00,25661.60902028267,False,,,
2020-08-31 23:43:55+00:00,36085.23871648902,False,,,
2020-08-31 23:44:00+00:00,40999.08613563418,False,,,
2020-08-31 23:44:05+00:00,39882.57924923755,False,,,
2020-08-31 23:44:10+00:00,33853.734481917956,False,,,
2020-08-31 23:44:15+00:00,31263.500024184177,False,,,
2020-08-31 23:44:20+00:00,33386.2140466139,False,,,
2020-08-31 23:44:25+00:00,27587.455918178428,False,,,
2020-08-31 23:44:30+00:00,20008.2081651769,False,,,
2020-08-31 23:44:35+00:00,25634.613247410613,False,,,
2020-08-31 23:44:40+00:00,35886.12502831249,False,,,
2020-08-31 23:44:45+00:00,30787.060931141707,False,,,
2020-08-31 23:44:50+00:00,26085.04300878776,False,,,
2020-08-31 23:44:55+00:00,25453.813497929463,False,,,
2020-08-31 23:45:00+00:00,24659.324255466043,False,,,
2020-08-31 23:45:05+00:00,28613.69718372563,False,,,
2020-08-31 23:45:10+00:00,28926.092287861422,False,,,
2020-08-31 23:45:15+00:00,30316.782047262506,False,,,
2020-08-31 23:45:20+00:00,30936.563976319027,False,,,
2020-08-31 23:45:25+00:00,33796.085251358876,False,,,
2020-08-31 23:45:30+00:00,34200.36429919133,False,,,
2020-08-31 23:45:35+00:00,24952.513799451168,False,,,
2020-08-31 23:45:40+00:00,20722.615997856417,False,,,
2020-08-31 23:45:45+00:00,25344.382003056988,False,,,
2020-08-31 23:45:50+00:00,28479.777197368996,False,,,
2020-08-31 23:45:55+00:00,28871.09785632735,False,,,
2020-08-31 23:46:00+00:00,27487.010251528794,False,,,
2020-08-31 23:46:05+00:00,26214.035388433986,False,,,
2020-08-31 23:46:10+00:00,25429.150833076885,False,,,
2020-08-31 23:46:15+00:00,22066.66009745802,False,,,
2020-08-31 23:46:20+00:00,17462.130400228638,False,,,
2020-08-31 23:46:25+00:00,16824.548308375397,False,,,
2020-08-31 23:46:30+00:00,21053.161054276854,False,,,
2020-08-31 23:46:35+00:00,22646.290918913368,False,,,
2020-08-31 23:46:40+00:00,18227.314684290803,False,,,
2020-08-31 23:46:45+00:00,13222.978794366525,False,,,
2020-08-31 23:46:50+00:00,10582.272725870325,False,,,
2020-08-31 23:46:55+00:00,10487.864950679748,False,,,
2020-08-31 23:47:00+00:00,10760.552397297732,False,,,
2020-08-31 23:47:05+00:00,10768.38148352802,False,,,
2020-08-31 23:47:10+00:00,13834.726385045127,False,,,
2020-08-31 23:47:15+00:00,13999.846987063607,False,,,
2020-08-31 23:47:20+00:00,14350.178961049001,False,,,
2020-08-31 23:47:25+00:00,19050.398069442715,False,,,
2020-08-31 23:47:30+00:00,17784.570748782204,False,,,
2020-08-31 23:47:35+00:00,13801.122444763894,False,,,
2020-08-31 23:47:40+00:00,14075.433719566248,False,,,
2020-08-31 23:47:45+00:00,16834.27655009353,False,,,
2020-08-31 23:47:50+00:00,19273.74984928749,False,,,
2020-08-31 23:47:55+00:00,19677.454540106,False,,,
2020-08-31 23:48:00+00:00,17176.233739703795,False,,,
2020-08-31 23:48:05+00:00,16625.861480356845,False,,,
2020-08-31 23:48:10+00:00,14909.349211367731,False,,,
2020-08-31 23:48:15+00:00,13906.95103524478,False,,,
2020-08-31 23:48:20+00:00,16225.46503836577,False,,,
2020-08-31 23:48:25+00:00,15081.81775378653,False,,,
2020-08-31 23:48:30+00:00,13088.47610742399,False,,,
2020-08-31 23:48:35+00:00,12950.176233487717,False,,,
2020-08-31 23:48:40+00:00,14141.793968792976,False,,,
2020-08-31 23:48:45+00:00,13417.208822847328,False,,,
2020-08-31 23:48:50+00:00,12648.969698747318,False,,,
2020-08-31 23:48:55+00:00,13297.764657219801,False,,,
2020-08-31 23:49:00+00:00,14110.196801761731,False,,,
2020-08-31 23:49:05+00:00,13923.984392459693,False,,,
2020-08-31 23:49:10+00:00,12999.049367277143,False,,,
2020-08-31 23:49:15+00:00,13078.419566235867,False,,,
2020-08-31 23:49:20+00:00,11363.718281591271,False,,,
2020-08-31 23:49:25+00:00,9675.675467010817,False,,,
2020-08-31 23:49:30+00:00,10262.13650605958,False,,,
2020-08-31 23:49:35+00:00,10338.315067580923,False,,,
2020-08-31 23:49:40+00:00,10869.26363511655,False,,,
2020-08-31 23:49:45+00:00,10996.045619448856,False,,,
2020-08-31 23:49:50+00:00,9285.965661490565,False,,,
2020-08-31 23:49:55+00:00,10303.589850945278,False,,,
2020-08-31 23:50:00+00:00,10707.180668449993,False,,,
2020-08-31 23:50:05+00:00,9603.028915367873,False,,,
2020-08-31 23:50:10+00:00,8817.07036358535,False,,,
2020-08-31 23:50:15+00:00,7397.068902242888,False,,,
2020-08-31 23:50:20+00:00,7150.701404105071,False,,,
2020-08-31 23:50:25+00:00,7236.035629651047,False,,,
2020-08-31 23:50:30+00:00,6837.941602709517,False,,,
2020-08-31 23:50:35+00:00,6359.622372722293,False,,,
2020-08-31 23:50:40+00:00,6038.1725837283375,False,,,
2020-08-31 23:50:45+00:00,5852.415754271469,False,,,
2020-08-31 23:50:50+00:00,6877.885623705275,False,,,
2020-08-31 23:50:55+00:00,6626.216239363683,False,,,
2020-08-31 23:51:00+00:00,5530.907691938208,False,,,
2020-08-31 23:51:05+00:00,5704.822088277373,False,,,
2020-08-31 23:51:10+00:00,6117.2896875036,False,,,
2020-08-31 23:51:15+00:00,5806.469623726334,False,,,
2020-08-31 23:51:20+00:00,4909.757857050293,False,,,
2020-08-31 23:51:25+00:00,5315.875830911269,False,,,
2020-08-31 23:51:30+00:00,5249.608438534714,False,,,
2020-08-31 23:51:35+00:00,4801.269288129362,False,,,
2020-08-31 23:51:40+00:00,5675.622151257535,False,,,
2020-08-31 23:51:45+00:00,5788.834923979461,False,,,
2020-08-31 23:51:50+00:00,5598.776298608162,False,,,
2020-08-31 23:51:55+00:00,5369.193975642716,False,,,
2020-08-31 23:52:00+00:00,4706.060154902766,False,,,
2020-08-31 23:52:05+00:00,4699.428477970399,False,,,
2020-08-31 23:52:10+00:00,4783.204014204428,False,,,
2020-08-31 23:52:15+00:00,4560.659209418572,False,,,
2020-08-31 23:52:20+00:00,4826.0155648521195,False,,,
2020-08-31 23:52:25+00:00,5134.113139311516,False,,,
2020-08-31 23:52:30+00:00,5139.40589248849,False,,,
2020-08-31 23:52:35+00:00,4492.802697924227,False,,,
2020-08-31 23:52:40+00:00,4647.898565535039,False,,,
2020-08-31 23:52:45+00:00,5144.09817592698,False,,,
2020-08-31 23:52:50+00:00,4952.162729799998,False,,,
2020-08-31 23:52:55+00:00,4844.362549314434,False,,,
2020-08-31 23:53:00+00:00,4668.4792978930955,False,,,
2020-08-31 23:53:05+00:00,4979.396655991292,False,,,
2020-08-31 23:53:10+00:00,4947.154321180048,False,,,
2020-08-31 23:53:15+00:00,4224.390466509808,False,,,
2020-08-31 23:53:20+00:00,4481.3921957042185,False,,,
2020-08-31 23:53:25+00:00,4765.829517762379,False,,,
2020-08-31 23:53:30+00:00,4765.121314215393,False,,,
2020-08-31 23:53:35+00:00,5120.865202046761,False,,,
2020-08-31 23:53:40+00:00,25249.234267055468,False,,,
2020-08-31 23:53:45+00:00,25025.313375949863,False,,,
2020-08-31 23:53:50+00:00,4599.974104914385,False,,,
2020-08-31 23:53:55+00:00,5216.89187416701,False,,,
2020-08-31 23:54:00+00:00,5005.089140664802,False,,,
2020-08-31 23:54:05+00:00,4070.355380767461,False,,,
2020-08-31 23:54:10+00:00,4469.184791960156,False,,,
2020-08-31 23:54:15+00:00,5427.932972208523,False,,,
2020-08-31 23:54:20+00:00,5884.768875113259,False,,,
2020-08-31 23:54:25+00:00,5193.626045495621,False,,,
2020-08-31 23:54:30+00:00,5038.1100825590465,False,,,
2020-08-31 23:54:35+00:00,5363.156171046805,False,,,
2020-08-31 23:54:40+00:00,4960.096593476063,False,,,
2020-08-31 23:54:45+00:00,4935.027178896756,False,,,
2020-08-31 23:54:50+00:00,5499.348857700934,False,,,
2020-08-31 23:54:55+00:00,5365.956634412565,False,,,
2020-08-31 23:55:00+00:00,4383.506107711209,False,,,
2020-08-31 23:55:05+00:00,4134.661586425688,False,,,
2020-08-31 23:55:10+00:00,4498.568703421421,False,,,
2020-08-31 23:55:15+00:00,5256.745628538576,False,,,
2020-08-31 23:55:20+00:00,5562.377957534353,False,,,
2020-08-31 23:55:25+00:00,5426.287818960529,False,,,
2020-08-31 23:55:30+00:00,5278.795043659048,False,,,
2020-08-31 23:55:35+00:00,5190.138218229467,False,,,
2020-08-31 23:55:40+00:00,5750.032698075087,False,,,
2020-08-31 23:55:45+00:00,5343.750079151246,False,,,
2020-08-31 23:55:50+00:00,4666.1203484535545,False,,,
2020-08-31 23:55:55+00:00,4997.688210887991,False,,,
2020-08-31 23:56:00+00:00,5213.075850389759,False,,,
2020-08-31 23:56:05+00:00,5085.742036563104,False,,,
2020-08-31 23:56:10+00:00,5002.5251645132585,False,,,
2020-08-31 23:56:15+00:00,5741.859864422722,False,,,
2020-08-31 23:56:20+00:00,5537.224951110859,False,,,
2020-08-31 23:56:25+00:00,4772.749297791837,False,,,
2020-08-31 23:56:30+00:00,4640.001427583761,False,,,
2020-08-31 23:56:35+00:00,7156.000055490873,False,,,
2020-08-31 23:56:40+00:00,8210.580632133227,False,,,
2020-08-31 23:56:45+00:00,6370.05194474268,False,,,
2020-08-31 23:56:50+00:00,6251.912687935868,False,,,
2020-08-31 23:56:55+00:00,5469.556127087214,False,,,
2020-08-31 23:57:00+00:00,6546.28586839662,False,,,
2020-08-31 23:57:05+00:00,7893.10661170156,False,,,
2020-08-31 23:57:10+00:00,7978.8583249221,False,,,
2020-08-31 23:57:15+00:00,7612.826970606901,False,,,
2020-08-31 23:57:20+00:00,6465.527667032524,False,,,
2020-08-31 23:57:25+00:00,5249.171018617263,False,,,
2020-08-31 23:57:30+00:00,4829.2276304427505,False,,,
2020-08-31 23:57:35+00:00,5254.466574122943,False,,,
2020-08-31 23:57:40+00:00,5128.952655633202,False,,,
2020-08-31 23:57:45+00:00,6217.398932204042,False,,,
2020-08-31 23:57:50+00:00,6137.901998949351,False,,,
2020-08-31 23:57:55+00:00,5416.229238119156,False,,,
2020-08-31 23:58:00+00:00,6135.179406343024,False,,,
2020-08-31 23:58:05+00:00,6453.939358167345,False,,,
2020-08-31 23:58:10+00:00,5613.854344161248,False,,,
2020-08-31 23:58:15+00:00,5118.438542922408,False,,,
2020-08-31 23:58:20+00:00,5219.628054260969,False,,,
2020-08-31 23:58:25+00:00,5249.923483800372,False,,,
2020-08-31 23:58:30+00:00,5512.879567970275,False,,,
2020-08-31 23:58:35+00:00,6193.476689754227,False,,,
2020-08-31 23:58:40+00:00,7149.592136158329,False,,,
2020-08-31 23:58:45+00:00,6718.093964762658,False,,,
2020-08-31 23:58:50+00:00,6364.0134133841575,False,,,
2020-08-31 23:58:55+00:00,6502.365577606426,False,,,
2020-08-31 23:59:00+00:00,6711.082354748265,False,,,
2020-08-31 23:59:05+00:00,6964.939027654521,False,,,
2020-08-31 23:59:10+00:00,6720.233442219764,False,,,
2020-08-31 23:59:15+00:00,7048.957247229896,False,,,
2020-08-31 23:59:20+00:00,6580.213215311674,False,,,
2020-08-31 23:59:25+00:00,6321.787187735505,False,,,
2020-08-31 23:59:30+00:00,6061.200236988565,False,,,
2020-08-31 23:59:35+00:00,5778.609066773187,False,,,
2020-08-31 23:59:40+00:00,8881.44536657715,False,,,
2020-08-31 23:59:45+00:00,8610.059525173821,False,,,
2020-08-31 23:59:50+00:00,5773.035869886441,False,,,
