timestamp,distance,is_anomaly,event_id,position_in_event
2020-08-31 22:00:05+00:00,0.00020361627122544835,False,,
2020-08-31 22:00:10+00:00,0.00136710009092973,False,,
2020-08-31 22:00:15+00:00,0.0004869540651665741,False,,
2020-08-31 22:00:20+00:00,0.0005923713994558051,False,,
2020-08-31 22:00:25+00:00,0.0007821146049368451,False,,
2020-08-31 22:00:30+00:00,0.0008459003670040951,False,,
2020-08-31 22:00:35+00:00,0.0010505173964213581,False,,
2020-08-31 22:00:40+00:00,0.0003434309149077119,False,,
2020-08-31 22:00:45+00:00,0.0009740852441619439,False,,
2020-08-31 22:00:50+00:00,0.0010334122593238008,False,,
2020-08-31 22:00:55+00:00,0.0011617005576060498,False,,
2020-08-31 22:01:00+00:00,0.0015330048651365693,False,,
2020-08-31 22:01:05+00:00,0.0003966803624560176,False,,
2020-08-31 22:01:10+00:00,0.001946498998964727,True,1.0,1.0
2020-08-31 22:01:15+00:00,0.001827427544917785,True,1.0,2.0
2020-08-31 22:01:20+00:00,0.001397950916813646,False,,
2020-08-31 22:01:25+00:00,0.0005167191220903034,False,,
2020-08-31 22:01:30+00:00,0.0015021660758373044,False,,
2020-08-31 22:01:35+00:00,0.000605196234270966,False,,
2020-08-31 22:01:40+00:00,0.0004678001430839543,False,,
2020-08-31 22:01:45+00:00,0.0005051107286412267,False,,
2020-08-31 22:01:50+00:00,0.0009018472612483144,False,,
2020-08-31 22:01:55+00:00,0.0004434212644809532,False,,
2020-08-31 22:02:00+00:00,0.0005097445262149781,False,,
2020-08-31 22:02:05+00:00,0.0001664834562005147,False,,
2020-08-31 22:02:10+00:00,0.0007666855204395394,False,,
2020-08-31 22:02:15+00:00,0.0004892701833875182,False,,
2020-08-31 22:02:20+00:00,0.0011729102134622703,False,,
2020-08-31 22:02:25+00:00,0.00045784517607877473,False,,
2020-08-31 22:02:30+00:00,0.001186804877107284,False,,
2020-08-31 22:02:35+00:00,0.0008182301810658379,False,,
2020-08-31 22:02:40+00:00,0.00043515286998284933,False,,
2020-08-31 22:02:50+00:00,0.001508394270215322,False,,
2020-08-31 22:02:55+00:00,0.0006544590007959389,False,,
2020-08-31 22:03:00+00:00,0.0007552203044102299,False,,
2020-08-31 22:03:05+00:00,0.0006054218836915545,False,,
2020-08-31 22:03:10+00:00,0.0009370614972431093,False,,
2020-08-31 22:03:15+00:00,0.0015625393504573753,False,,
2020-08-31 22:03:25+00:00,0.0010180686842732605,False,,
2020-08-31 22:03:30+00:00,0.0010117497896874488,False,,
2020-08-31 22:03:35+00:00,0.001399452505005792,False,,
2020-08-31 22:03:40+00:00,0.00036220480915268363,False,,
2020-08-31 22:03:45+00:00,0.0004867895597579165,False,,
2020-08-31 22:03:50+00:00,0.0015767355551516806,False,,
2020-08-31 22:04:00+00:00,0.001429499666639661,False,,
2020-08-31 22:04:05+00:00,0.00023914503144534756,False,,
2020-08-31 22:04:10+00:00,0.00031412584783442805,False,,
2020-08-31 22:04:15+00:00,0.0003411992619166149,False,,
2020-08-31 22:04:20+00:00,0.0011535541967889187,False,,
2020-08-31 22:04:30+00:00,0.0009171340519284575,False,,
2020-08-31 22:04:35+00:00,0.0011730296144603922,False,,
2020-08-31 22:04:40+00:00,0.0010809154913846446,False,,
2020-08-31 22:04:45+00:00,0.0012185753494861542,False,,
2020-08-31 22:04:50+00:00,0.0005852098860776141,False,,
2020-08-31 22:04:55+00:00,0.001201525892359632,False,,
2020-08-31 22:05:00+00:00,0.000803483575010597,False,,
2020-08-31 22:05:05+00:00,0.0007750869254820925,False,,
2020-08-31 22:05:10+00:00,0.0006554002500854508,False,,
2020-08-31 22:05:15+00:00,0.00038349328441511434,False,,
2020-08-31 22:05:20+00:00,0.0011765193839428994,False,,
2020-08-31 22:05:25+00:00,0.0014915004793050204,False,,
2020-08-31 22:05:30+00:00,0.00034005533720656646,False,,
2020-08-31 22:05:35+00:00,0.0004716578843218567,False,,
2020-08-31 22:05:40+00:00,0.0012564228891716177,False,,
2020-08-31 22:05:45+00:00,0.0003810473180316373,False,,
2020-08-31 22:05:50+00:00,0.00048120090996262965,False,,
2020-08-31 22:05:55+00:00,0.0008153137219311237,False,,
2020-08-31 22:06:00+00:00,0.0004662013916900464,False,,
2020-08-31 22:06:05+00:00,0.0006813666016475723,False,,
2020-08-31 22:06:10+00:00,5.3772082611799935e-05,False,,
2020-08-31 22:06:15+00:00,0.0005939683309952588,False,,
2020-08-31 22:06:20+00:00,0.0015374625281156106,False,,
2020-08-31 22:06:25+00:00,0.001191964629990296,False,,
2020-08-31 22:06:30+00:00,0.0009274605624533151,False,,
2020-08-31 22:06:35+00:00,0.0007991604388212052,False,,
2020-08-31 22:06:40+00:00,0.0012669509687072173,False,,
2020-08-31 22:06:45+00:00,0.00039512525694377785,False,,
2020-08-31 22:06:50+00:00,0.00020780282242970066,False,,
2020-08-31 22:06:55+00:00,0.0017116746123383825,True,2.0,1.0
2020-08-31 22:07:00+00:00,0.0022728745215763054,True,2.0,2.0
2020-08-31 22:07:05+00:00,0.0017663316484708743,True,2.0,3.0
2020-08-31 22:07:10+00:00,0.0014235628623699148,False,,
2020-08-31 22:07:15+00:00,0.00045344932335886906,False,,
2020-08-31 22:07:20+00:00,0.0008160413401950444,False,,
2020-08-31 22:07:25+00:00,0.0007546999540239793,False,,
2020-08-31 22:07:30+00:00,0.0008259727536984917,False,,
2020-08-31 22:07:35+00:00,0.0008931587815411754,False,,
2020-08-31 22:07:40+00:00,0.0008123284216015408,False,,
2020-08-31 22:07:45+00:00,0.0010140285547030896,False,,
2020-08-31 22:07:50+00:00,0.0009660541955220953,False,,
2020-08-31 22:07:55+00:00,0.00021551895086165815,False,,
2020-08-31 22:08:00+00:00,0.0006084283394693555,False,,
2020-08-31 22:08:05+00:00,0.0004450081196500436,False,,
2020-08-31 22:08:10+00:00,0.0003985042632723856,False,,
2020-08-31 22:08:15+00:00,0.0004829844356988249,False,,
2020-08-31 22:08:20+00:00,0.000660599560950506,False,,
2020-08-31 22:08:25+00:00,0.00022135313074523726,False,,
2020-08-31 22:08:30+00:00,0.00027443590344927303,False,,
2020-08-31 22:08:35+00:00,0.0008537074275039574,False,,
2020-08-31 22:08:40+00:00,0.000286367125290514,False,,
2020-08-31 22:08:45+00:00,0.001127541612834685,False,,
2020-08-31 22:08:50+00:00,0.0006680030432350011,False,,
2020-08-31 22:08:55+00:00,0.0011755325169169105,False,,
2020-08-31 22:09:00+00:00,0.0008413252782478917,False,,
2020-08-31 22:09:05+00:00,0.0015815580993651251,False,,
2020-08-31 22:09:10+00:00,0.0008717388017527261,False,,
2020-08-31 22:09:15+00:00,5.950990614119757e-05,False,,
2020-08-31 22:09:20+00:00,0.0009207418199879472,False,,
2020-08-31 22:09:25+00:00,0.0005563898795724585,False,,
2020-08-31 22:09:30+00:00,0.00035622603316708807,False,,
2020-08-31 22:09:35+00:00,0.0006183519787549885,False,,
2020-08-31 22:09:40+00:00,0.0011473352577325876,False,,
2020-08-31 22:09:45+00:00,0.0007841068874088046,False,,
2020-08-31 22:09:50+00:00,0.0005211927016881828,False,,
2020-08-31 22:09:55+00:00,0.000706264090828461,False,,
2020-08-31 22:10:00+00:00,0.000945519365728663,False,,
2020-08-31 22:10:05+00:00,0.00047357558510709044,False,,
2020-08-31 22:10:10+00:00,0.00022161443773352008,False,,
2020-08-31 22:10:15+00:00,0.0009944036060457037,False,,
2020-08-31 22:10:20+00:00,0.0006405129760676681,False,,
2020-08-31 22:10:25+00:00,0.0009170684713739031,False,,
2020-08-31 22:10:30+00:00,0.0015723344051517681,False,,
2020-08-31 22:10:35+00:00,0.000231477381492748,False,,
2020-08-31 22:10:40+00:00,0.0004972603212510454,False,,
2020-08-31 22:10:45+00:00,0.0015163226830177308,False,,
2020-08-31 22:10:50+00:00,0.0009726581671278574,False,,
2020-08-31 22:10:55+00:00,0.0010234087351583194,False,,
2020-08-31 22:11:00+00:00,0.0006533672931161795,False,,
2020-08-31 22:11:05+00:00,0.0006529190030504427,False,,
2020-08-31 22:11:10+00:00,0.0005798483278723076,False,,
2020-08-31 22:11:15+00:00,0.0005239559078834199,False,,
2020-08-31 22:11:20+00:00,0.0006917860027072699,False,,
2020-08-31 22:11:25+00:00,0.0011771440786440715,False,,
2020-08-31 22:11:30+00:00,0.0007716212395977564,False,,
2020-08-31 22:11:35+00:00,0.0003154910469745997,False,,
2020-08-31 22:11:40+00:00,0.0003021016398834603,False,,
2020-08-31 22:11:45+00:00,0.00017900153614805567,False,,
2020-08-31 22:11:50+00:00,0.0008912405600835404,False,,
2020-08-31 22:11:55+00:00,0.0004696297319126743,False,,
2020-08-31 22:12:00+00:00,0.0006236774582830785,False,,
2020-08-31 22:12:05+00:00,0.0003801185076581123,False,,
2020-08-31 22:12:10+00:00,0.00130244058979143,False,,
2020-08-31 22:12:15+00:00,0.0004258122210371301,False,,
2020-08-31 22:12:20+00:00,0.0008059677517610947,False,,
2020-08-31 22:12:25+00:00,0.0008360005787695739,False,,
2020-08-31 22:12:30+00:00,0.00046241109736621896,False,,
2020-08-31 22:12:35+00:00,0.00038163683732088903,False,,
2020-08-31 22:12:40+00:00,0.0009388244396527531,False,,
2020-08-31 22:12:45+00:00,0.0015622466633568143,False,,
2020-08-31 22:12:50+00:00,9.090527003390973e-05,False,,
2020-08-31 22:12:55+00:00,0.00019484444051941154,False,,
2020-08-31 22:13:00+00:00,0.0006816546984949273,False,,
2020-08-31 22:13:10+00:00,0.0014651754293874997,False,,
2020-08-31 22:13:15+00:00,0.0006432835246989353,False,,
2020-08-31 22:13:20+00:00,0.0006723668471767655,False,,
2020-08-31 22:13:25+00:00,0.0005803808263634977,False,,
2020-08-31 22:13:30+00:00,0.0011292738453085533,False,,
2020-08-31 22:13:35+00:00,0.0002789603975151628,False,,
2020-08-31 22:13:40+00:00,0.0005993082150910659,False,,
2020-08-31 22:13:45+00:00,0.0003627809576219224,False,,
2020-08-31 22:13:50+00:00,0.0008215392707287023,False,,
2020-08-31 22:13:55+00:00,0.0010651357780529433,False,,
2020-08-31 22:14:00+00:00,0.0005705486461570605,False,,
2020-08-31 22:14:05+00:00,0.0007461015838586723,False,,
2020-08-31 22:14:10+00:00,0.0007310282788077117,False,,
2020-08-31 22:14:15+00:00,0.00021525192004314862,False,,
2020-08-31 22:14:20+00:00,0.0004932650172347836,False,,
2020-08-31 22:14:25+00:00,0.0005853009517930343,False,,
2020-08-31 22:14:30+00:00,0.0008392030846820425,False,,
2020-08-31 22:14:35+00:00,0.0008330505523858588,False,,
2020-08-31 22:14:40+00:00,0.0006152319018527959,False,,
2020-08-31 22:14:45+00:00,0.00019281348329429178,False,,
2020-08-31 22:14:50+00:00,0.0003041659987753635,False,,
2020-08-31 22:14:55+00:00,0.00025324542981497737,False,,
2020-08-31 22:15:00+00:00,0.00031295616323469494,False,,
2020-08-31 22:15:05+00:00,0.0007492626214204058,False,,
2020-08-31 22:15:10+00:00,0.00017089743437645276,False,,
2020-08-31 22:15:15+00:00,0.0004939898828618028,False,,
2020-08-31 22:15:20+00:00,0.0009529610037587531,False,,
2020-08-31 22:15:25+00:00,0.0004389271059461,False,,
2020-08-31 22:15:30+00:00,0.0003988684742752894,False,,
2020-08-31 22:15:35+00:00,0.0006482595449521882,False,,
2020-08-31 22:15:40+00:00,0.0008281909798635627,False,,
2020-08-31 22:15:45+00:00,0.0007141154684687793,False,,
2020-08-31 22:15:50+00:00,0.0008118097110850004,False,,
2020-08-31 22:15:55+00:00,0.0012327876583541765,False,,
2020-08-31 22:16:00+00:00,0.0006073196697407814,False,,
2020-08-31 22:16:05+00:00,0.0006987388324611778,False,,
2020-08-31 22:16:10+00:00,0.0007104472221808175,False,,
2020-08-31 22:16:15+00:00,0.0006532325759496234,False,,
2020-08-31 22:16:20+00:00,0.0006521274368718777,False,,
2020-08-31 22:16:25+00:00,0.0011530978426520315,False,,
2020-08-31 22:16:30+00:00,0.001863723664606461,True,3.0,1.0
2020-08-31 22:16:35+00:00,0.0020166861089918305,True,3.0,2.0
2020-08-31 22:16:40+00:00,0.001744229204644154,True,3.0,3.0
2020-08-31 22:16:45+00:00,0.0007892879297502641,False,,
2020-08-31 22:16:50+00:00,0.0003624556241788687,False,,
2020-08-31 22:16:55+00:00,0.0002513420908244312,False,,
2020-08-31 22:17:00+00:00,0.0008272248688222143,False,,
2020-08-31 22:17:10+00:00,0.0011998359028484386,False,,
2020-08-31 22:17:15+00:00,0.0010704060053370779,False,,
2020-08-31 22:17:20+00:00,0.00048151473737211166,False,,
2020-08-31 22:17:25+00:00,0.00016714249004287098,False,,
2020-08-31 22:17:35+00:00,0.0016780164833784781,False,,
2020-08-31 22:17:40+00:00,0.0015633454105851814,False,,
2020-08-31 22:17:45+00:00,0.0005837830071039651,False,,
2020-08-31 22:17:50+00:00,0.0007133555175472713,False,,
2020-08-31 22:17:55+00:00,0.0007865676914795478,False,,
2020-08-31 22:18:00+00:00,0.00084279832391626,False,,
2020-08-31 22:18:05+00:00,0.0010350201994118104,False,,
2020-08-31 22:18:10+00:00,0.0010031625962546994,False,,
2020-08-31 22:18:15+00:00,0.00046070692536638667,False,,
2020-08-31 22:18:20+00:00,0.0009940055245117173,False,,
2020-08-31 22:18:25+00:00,0.0004066460528208514,False,,
2020-08-31 22:18:30+00:00,0.0008435436724301623,False,,
2020-08-31 22:18:35+00:00,0.00017907740099356242,False,,
2020-08-31 22:18:40+00:00,0.0003012648167488525,False,,
2020-08-31 22:18:50+00:00,0.00045529339012549577,False,,
2020-08-31 22:19:00+00:00,0.00038823132047228733,False,,
2020-08-31 22:19:05+00:00,0.0009567416880891409,False,,
2020-08-31 22:19:10+00:00,0.0009991999072032434,False,,
2020-08-31 22:19:15+00:00,0.0010994244906191812,False,,
2020-08-31 22:19:20+00:00,0.0008332557462741701,False,,
2020-08-31 22:19:25+00:00,0.0002551173013112782,False,,
2020-08-31 22:19:30+00:00,0.0008564780346989228,False,,
2020-08-31 22:19:40+00:00,0.0011154569119443158,False,,
2020-08-31 22:19:45+00:00,0.0006829948112066649,False,,
2020-08-31 22:19:50+00:00,0.0002114710447238177,False,,
2020-08-31 22:19:55+00:00,0.00016982268986806364,False,,
2020-08-31 22:20:00+00:00,0.00026848408001063466,False,,
2020-08-31 22:20:05+00:00,0.00018797966778716905,False,,
2020-08-31 22:20:10+00:00,0.0004409239587892515,False,,
2020-08-31 22:20:15+00:00,0.00041674192366889244,False,,
2020-08-31 22:20:20+00:00,0.0007918358113979838,False,,
2020-08-31 22:20:25+00:00,0.0007058691545864621,False,,
2020-08-31 22:20:30+00:00,0.0005445532229748443,False,,
2020-08-31 22:20:35+00:00,0.0010792205449595097,False,,
2020-08-31 22:20:40+00:00,0.00044222912348845095,False,,
2020-08-31 22:20:45+00:00,0.00011581079910975962,False,,
2020-08-31 22:20:50+00:00,0.0007964066450927037,False,,
2020-08-31 22:20:55+00:00,0.000454523706879496,False,,
2020-08-31 22:21:00+00:00,0.0003737078458326415,False,,
2020-08-31 22:21:05+00:00,0.0007817282068886813,False,,
2020-08-31 22:21:10+00:00,0.001290336198805902,False,,
2020-08-31 22:21:15+00:00,0.0004654038508267477,False,,
2020-08-31 22:21:20+00:00,0.0002487571676390072,False,,
2020-08-31 22:21:25+00:00,0.0005138994612052198,False,,
2020-08-31 22:21:30+00:00,0.00035038346787970336,False,,
2020-08-31 22:21:35+00:00,0.0016368446736660278,False,,
2020-08-31 22:21:40+00:00,0.0006561321369639231,False,,
2020-08-31 22:21:45+00:00,0.0005242484835900977,False,,
2020-08-31 22:21:50+00:00,0.0010960390278597818,False,,
2020-08-31 22:21:55+00:00,0.0015543243205841271,False,,
2020-08-31 22:22:05+00:00,0.000766482043342715,False,,
2020-08-31 22:22:10+00:00,0.0005108859459160886,False,,
2020-08-31 22:22:15+00:00,0.0013681983818287964,False,,
2020-08-31 22:22:20+00:00,0.0010854593439215813,False,,
2020-08-31 22:22:25+00:00,0.0005632259880613348,False,,
2020-08-31 22:22:30+00:00,0.0012942995305793114,False,,
2020-08-31 22:22:35+00:00,0.000837982633088733,False,,
2020-08-31 22:22:40+00:00,0.0014156971119406072,False,,
2020-08-31 22:22:45+00:00,0.0012314595298011303,False,,
2020-08-31 22:22:50+00:00,0.0001417684432770428,False,,
2020-08-31 22:22:55+00:00,0.0005892089029509559,False,,
2020-08-31 22:23:00+00:00,0.0006935962650988624,False,,
2020-08-31 22:23:05+00:00,0.0011691672547573559,False,,
2020-08-31 22:23:10+00:00,0.0003844140869703419,False,,
2020-08-31 22:23:15+00:00,0.0009093297532388065,False,,
2020-08-31 22:23:20+00:00,0.0006496719396178135,False,,
2020-08-31 22:23:25+00:00,0.0008296242598209965,False,,
2020-08-31 22:23:30+00:00,0.00017420791818898758,False,,
2020-08-31 22:23:35+00:00,0.0015334577837521374,False,,
2020-08-31 22:23:40+00:00,0.000826518789029727,False,,
2020-08-31 22:23:45+00:00,0.0001303139433405477,False,,
2020-08-31 22:23:50+00:00,0.0006314437972124682,False,,
2020-08-31 22:23:55+00:00,0.001076517544656329,False,,
2020-08-31 22:24:00+00:00,0.0003223277097808274,False,,
2020-08-31 22:24:05+00:00,0.0009613496658910032,False,,
2020-08-31 22:24:10+00:00,0.0006138909915890004,False,,
2020-08-31 22:24:15+00:00,0.0009488816183020746,False,,
2020-08-31 22:24:20+00:00,0.0007135760764712779,False,,
2020-08-31 22:24:25+00:00,0.0013708100543268719,False,,
2020-08-31 22:24:30+00:00,0.0005540434645543165,False,,
2020-08-31 22:24:35+00:00,0.00017772294389667223,False,,
2020-08-31 22:24:40+00:00,0.0002954487582940874,False,,
2020-08-31 22:24:45+00:00,0.0008692473617136766,False,,
2020-08-31 22:24:50+00:00,0.0008854657355089726,False,,
2020-08-31 22:24:55+00:00,0.0006991297398562563,False,,
2020-08-31 22:25:00+00:00,0.0002823997916239655,False,,
2020-08-31 22:25:05+00:00,0.0003241046331582562,False,,
2020-08-31 22:25:10+00:00,0.0005101539632441177,False,,
2020-08-31 22:25:15+00:00,0.0006068583257387531,False,,
2020-08-31 22:25:20+00:00,0.0003058804377594906,False,,
2020-08-31 22:25:25+00:00,0.0007152272618931478,False,,
2020-08-31 22:25:30+00:00,0.000494763114084675,False,,
2020-08-31 22:25:35+00:00,0.0004824590998556235,False,,
2020-08-31 22:25:40+00:00,0.000573466387239963,False,,
2020-08-31 22:25:45+00:00,0.000700809249615861,False,,
2020-08-31 22:25:50+00:00,0.00011469702359893235,False,,
2020-08-31 22:25:55+00:00,0.0006517475829248588,False,,
2020-08-31 22:26:00+00:00,0.00024272655213992324,False,,
2020-08-31 22:26:05+00:00,0.0004144662061110192,False,,
2020-08-31 22:26:10+00:00,0.0006463263598050672,False,,
2020-08-31 22:26:15+00:00,0.000933759470445991,False,,
2020-08-31 22:26:20+00:00,0.00048426663431626874,False,,
2020-08-31 22:26:25+00:00,0.000798788207111966,False,,
2020-08-31 22:26:30+00:00,0.0005071756456636315,False,,
2020-08-31 22:26:35+00:00,0.0007364658953043273,False,,
2020-08-31 22:26:40+00:00,0.0008678185115183304,False,,
2020-08-31 22:26:45+00:00,0.0003280362796199075,False,,
2020-08-31 22:26:50+00:00,0.00028004496102634636,False,,
2020-08-31 22:26:55+00:00,0.0005420135305115291,False,,
2020-08-31 22:27:00+00:00,0.0004389204576157685,False,,
2020-08-31 22:27:05+00:00,0.0006722195392422168,False,,
2020-08-31 22:27:10+00:00,0.0005645959216055267,False,,
2020-08-31 22:27:15+00:00,0.0008246976420638101,False,,
2020-08-31 22:27:20+00:00,0.00046685446718962965,False,,
2020-08-31 22:27:25+00:00,0.0003901753420521276,False,,
2020-08-31 22:27:30+00:00,0.0010303410036645057,False,,
2020-08-31 22:27:35+00:00,0.0005159525080699548,False,,
2020-08-31 22:27:40+00:00,0.00015835543241252728,False,,
2020-08-31 22:27:45+00:00,0.00073522385921949,False,,
2020-08-31 22:27:50+00:00,0.0005524879984522763,False,,
2020-08-31 22:27:55+00:00,0.0011765163940763825,False,,
2020-08-31 22:28:00+00:00,0.0009118737379659792,False,,
2020-08-31 22:28:05+00:00,7.127784444747075e-05,False,,
2020-08-31 22:28:10+00:00,0.0003933310466340202,False,,
2020-08-31 22:28:15+00:00,0.0005218664022248128,False,,
2020-08-31 22:28:20+00:00,0.0005261559356259713,False,,
2020-08-31 22:28:25+00:00,0.00047787618116172626,False,,
2020-08-31 22:28:30+00:00,0.00015338183176740174,False,,
2020-08-31 22:28:35+00:00,0.001195639718222273,False,,
2020-08-31 22:28:40+00:00,0.0011834253430915488,False,,
2020-08-31 22:28:45+00:00,0.0005920692690465523,False,,
2020-08-31 22:28:50+00:00,0.0007929217587770922,False,,
2020-08-31 22:28:55+00:00,0.0006366501333769497,False,,
2020-08-31 22:29:00+00:00,9.464321300068492e-05,False,,
2020-08-31 22:29:05+00:00,0.0002491400854314456,False,,
2020-08-31 22:29:10+00:00,0.0006388113471800246,False,,
2020-08-31 22:29:15+00:00,0.0008193649018181945,False,,
2020-08-31 22:29:20+00:00,0.0014800811176652927,False,,
2020-08-31 22:29:25+00:00,0.00026285368263089816,False,,
2020-08-31 22:29:30+00:00,0.001257799418659025,False,,
2020-08-31 22:29:35+00:00,0.0015008748125348078,False,,
2020-08-31 22:29:40+00:00,0.0006282574620452791,False,,
2020-08-31 22:29:45+00:00,0.0010044522551990122,False,,
2020-08-31 22:29:50+00:00,0.0009612601145401748,False,,
2020-08-31 22:29:55+00:00,0.0012343964944869527,False,,
2020-08-31 22:30:00+00:00,0.0006334843052449915,False,,
2020-08-31 22:30:05+00:00,0.0004213749421343038,False,,
2020-08-31 22:30:10+00:00,0.0002265879518034772,False,,
2020-08-31 22:30:15+00:00,0.000192523239933199,False,,
2020-08-31 22:30:20+00:00,0.00039190539438549774,False,,
2020-08-31 22:30:25+00:00,0.0004366788914999772,False,,
2020-08-31 22:30:30+00:00,0.0006256269596019737,False,,
2020-08-31 22:30:35+00:00,0.0010188905864730365,False,,
2020-08-31 22:30:40+00:00,0.0003994062239542769,False,,
2020-08-31 22:30:45+00:00,0.0009768174397756452,False,,
2020-08-31 22:30:50+00:00,0.00035628724684233867,False,,
2020-08-31 22:30:55+00:00,0.0006190901177773872,False,,
2020-08-31 22:31:00+00:00,0.00020220432962483794,False,,
2020-08-31 22:31:05+00:00,0.00037765537902308556,False,,
2020-08-31 22:31:10+00:00,0.00038788219208545674,False,,
2020-08-31 22:31:15+00:00,0.0005641649642585194,False,,
2020-08-31 22:31:20+00:00,0.000626105405932502,False,,
2020-08-31 22:31:25+00:00,0.0006255030279182501,False,,
2020-08-31 22:31:30+00:00,0.00011255862746994027,False,,
2020-08-31 22:31:35+00:00,0.0010251866580760587,False,,
2020-08-31 22:31:40+00:00,0.00012367077776309233,False,,
2020-08-31 22:31:45+00:00,0.0008553044361185458,False,,
2020-08-31 22:31:50+00:00,0.00026333265524384304,False,,
2020-08-31 22:31:55+00:00,0.0011738315899273441,False,,
2020-08-31 22:32:00+00:00,0.0006293847284817041,False,,
2020-08-31 22:32:05+00:00,0.0007167571266451555,False,,
2020-08-31 22:32:10+00:00,0.00021686539870054285,False,,
2020-08-31 22:32:20+00:00,0.0006414944770364342,False,,
2020-08-31 22:32:25+00:00,0.001043323576056577,False,,
2020-08-31 22:32:30+00:00,0.00042430178333541203,False,,
2020-08-31 22:32:35+00:00,0.000982614937359103,False,,
2020-08-31 22:32:40+00:00,0.001109549967877926,False,,
2020-08-31 22:32:45+00:00,0.0003250199569432483,False,,
2020-08-31 22:32:50+00:00,0.00043244051345214937,False,,
2020-08-31 22:32:55+00:00,0.0005249171171484006,False,,
2020-08-31 22:33:00+00:00,0.000751839319128971,False,,
2020-08-31 22:33:05+00:00,0.0008754434814402373,False,,
2020-08-31 22:33:10+00:00,0.0008615189044106132,False,,
2020-08-31 22:33:15+00:00,0.0011839745343839388,False,,
2020-08-31 22:33:20+00:00,0.0008162439659394696,False,,
2020-08-31 22:33:25+00:00,0.00030509877671536256,False,,
2020-08-31 22:33:30+00:00,0.000619945996162878,False,,
2020-08-31 22:33:35+00:00,0.0005365980872089725,False,,
2020-08-31 22:33:40+00:00,0.0009415227875530306,False,,
2020-08-31 22:33:45+00:00,0.0009039793568051031,False,,
2020-08-31 22:33:50+00:00,0.0010128199336482528,False,,
2020-08-31 22:33:55+00:00,0.00121800478401219,False,,
2020-08-31 22:34:00+00:00,0.001306952186581063,False,,
2020-08-31 22:34:05+00:00,0.000418870795527407,False,,
2020-08-31 22:34:10+00:00,0.0005990849018461286,False,,
2020-08-31 22:34:15+00:00,0.00043526177945032193,False,,
2020-08-31 22:34:20+00:00,0.0004214900023288876,False,,
2020-08-31 22:34:25+00:00,0.00012910226841149369,False,,
2020-08-31 22:34:30+00:00,0.0006002214670976714,False,,
2020-08-31 22:34:35+00:00,0.0008959809826960892,False,,
2020-08-31 22:34:40+00:00,0.0011655282987561102,False,,
2020-08-31 22:34:45+00:00,0.000622256927694728,False,,
2020-08-31 22:34:50+00:00,0.000488426186337533,False,,
2020-08-31 22:34:55+00:00,0.00033723818608558624,False,,
2020-08-31 22:35:00+00:00,2.743591909214704e-05,False,,
2020-08-31 22:35:05+00:00,0.0006303977417520979,False,,
2020-08-31 22:35:10+00:00,0.00021740950384981759,False,,
2020-08-31 22:35:15+00:00,0.0007404929750912187,False,,
2020-08-31 22:35:20+00:00,0.0004496581565386802,False,,
2020-08-31 22:35:25+00:00,7.726277802276166e-05,False,,
2020-08-31 22:35:30+00:00,0.0008674325642121203,False,,
2020-08-31 22:35:35+00:00,0.0005141194685916604,False,,
2020-08-31 22:35:45+00:00,0.0008089979318858854,False,,
2020-08-31 22:35:50+00:00,0.0004940663991672695,False,,
2020-08-31 22:35:55+00:00,0.0005907657132722858,False,,
2020-08-31 22:36:00+00:00,0.0003278084346567418,False,,
2020-08-31 22:36:05+00:00,0.000864229940399341,False,,
2020-08-31 22:36:10+00:00,0.0007110961963837632,False,,
2020-08-31 22:36:15+00:00,0.00018919142017309978,False,,
2020-08-31 22:36:20+00:00,0.0007528114657506901,False,,
2020-08-31 22:36:25+00:00,0.0008652054771218688,False,,
2020-08-31 22:36:30+00:00,0.00071592400678698,False,,
2020-08-31 22:36:35+00:00,0.0007065793155128044,False,,
2020-08-31 22:36:40+00:00,0.0005146921900122126,False,,
2020-08-31 22:36:45+00:00,0.0007188514475062111,False,,
2020-08-31 22:36:50+00:00,0.0004895195839733367,False,,
2020-08-31 22:36:55+00:00,0.0008281624609922897,False,,
2020-08-31 22:37:00+00:00,0.0004933193778389536,False,,
2020-08-31 22:37:05+00:00,0.00019457081975510383,False,,
2020-08-31 22:37:10+00:00,0.00013524411217396277,False,,
2020-08-31 22:37:15+00:00,0.0008368508959327148,False,,
2020-08-31 22:37:20+00:00,0.0008275762890910618,False,,
2020-08-31 22:37:25+00:00,0.0005139535517067238,False,,
2020-08-31 22:37:30+00:00,0.0013309707326047983,False,,
2020-08-31 22:37:35+00:00,0.00033610011671263493,False,,
2020-08-31 22:37:40+00:00,0.0004343288173648427,False,,
2020-08-31 22:37:45+00:00,0.0010059213501813435,False,,
2020-08-31 22:37:50+00:00,0.000415386065771725,False,,
2020-08-31 22:37:55+00:00,0.0005054620691011484,False,,
2020-08-31 22:38:00+00:00,0.0002213698717478203,False,,
2020-08-31 22:38:05+00:00,0.000889956614992626,False,,
2020-08-31 22:38:10+00:00,0.0008582282278146332,False,,
2020-08-31 22:38:15+00:00,0.0007406648605431073,False,,
2020-08-31 22:38:20+00:00,0.0003072675918058981,False,,
2020-08-31 22:38:25+00:00,0.0003056698681935841,False,,
2020-08-31 22:38:30+00:00,0.0006768647244488537,False,,
2020-08-31 22:38:35+00:00,0.0003394596695405309,False,,
2020-08-31 22:38:40+00:00,0.0008530097276623196,False,,
2020-08-31 22:38:50+00:00,0.0007142081554476237,False,,
2020-08-31 22:38:55+00:00,0.0003124742938042661,False,,
2020-08-31 22:39:00+00:00,0.0005387315241077996,False,,
2020-08-31 22:39:05+00:00,0.0008974466029442753,False,,
2020-08-31 22:39:10+00:00,0.0011577904498041602,False,,
2020-08-31 22:39:15+00:00,0.0006467114142838705,False,,
2020-08-31 22:39:20+00:00,0.0007513591455103046,False,,
2020-08-31 22:39:25+00:00,0.0004316232180135235,False,,
2020-08-31 22:39:30+00:00,0.0006277349688137939,False,,
2020-08-31 22:39:35+00:00,0.00014643931322684913,False,,
2020-08-31 22:39:40+00:00,0.0010166582200649744,False,,
2020-08-31 22:39:45+00:00,0.0011402103889439766,False,,
2020-08-31 22:39:50+00:00,0.0010995278066310776,False,,
2020-08-31 22:39:55+00:00,0.0002955773900701504,False,,
2020-08-31 22:40:00+00:00,0.0009620692101022141,False,,
2020-08-31 22:40:05+00:00,0.00043103397086103094,False,,
2020-08-31 22:40:10+00:00,0.0010048784588054258,False,,
2020-08-31 22:40:15+00:00,0.0010735374820468118,False,,
2020-08-31 22:40:20+00:00,0.000490223630845077,False,,
2020-08-31 22:40:25+00:00,0.0007737427841591415,False,,
2020-08-31 22:40:30+00:00,0.0010022828740892397,False,,
2020-08-31 22:40:35+00:00,0.00025209820642726783,False,,
2020-08-31 22:40:40+00:00,0.0013785383722168046,False,,
2020-08-31 22:40:45+00:00,0.0004395234633709518,False,,
2020-08-31 22:40:50+00:00,0.0006371136764572512,False,,
2020-08-31 22:41:00+00:00,0.001433159326900869,False,,
2020-08-31 22:41:05+00:00,0.000608476245565859,False,,
2020-08-31 22:41:10+00:00,0.0019092146859208208,True,4.0,1.0
2020-08-31 22:41:15+00:00,0.0028664486552874993,True,4.0,2.0
2020-08-31 22:41:20+00:00,0.0016817688627504272,True,4.0,3.0
2020-08-31 22:41:25+00:00,0.0009881413090543048,False,,
2020-08-31 22:41:30+00:00,0.00030890181855258887,False,,
2020-08-31 22:41:35+00:00,0.0007585923928216688,False,,
2020-08-31 22:41:40+00:00,0.0007847482924452166,False,,
2020-08-31 22:41:45+00:00,0.0011262254826142062,False,,
2020-08-31 22:41:50+00:00,0.00019946691234560247,False,,
2020-08-31 22:41:55+00:00,0.0008615251330995081,False,,
2020-08-31 22:42:00+00:00,0.0005796513892814401,False,,
2020-08-31 22:42:05+00:00,0.0011920681478540477,False,,
2020-08-31 22:42:10+00:00,0.0002629023659053274,False,,
2020-08-31 22:42:15+00:00,0.0004178794684843017,False,,
2020-08-31 22:42:20+00:00,0.0008868718069083866,False,,
2020-08-31 22:42:25+00:00,0.0012912941153942195,False,,
2020-08-31 22:42:30+00:00,0.0006833646272327038,False,,
2020-08-31 22:42:35+00:00,0.0004797380161917366,False,,
2020-08-31 22:42:40+00:00,0.00041549200354256625,False,,
2020-08-31 22:42:45+00:00,0.0006723605018527656,False,,
2020-08-31 22:42:50+00:00,0.000873146820782178,False,,
2020-08-31 22:42:55+00:00,0.000422774902956992,False,,
2020-08-31 22:43:00+00:00,0.0002955969813232932,False,,
2020-08-31 22:43:05+00:00,0.00031021883878444784,False,,
2020-08-31 22:43:10+00:00,0.0007281900715407411,False,,
2020-08-31 22:43:15+00:00,0.0006490479058015728,False,,
2020-08-31 22:43:20+00:00,0.0007615236235752938,False,,
2020-08-31 22:43:25+00:00,0.0008810535356672906,False,,
2020-08-31 22:43:30+00:00,0.0001654291999792741,False,,
2020-08-31 22:43:35+00:00,0.0007755016976071705,False,,
2020-08-31 22:43:40+00:00,0.0007457681601022182,False,,
2020-08-31 22:43:45+00:00,0.0004379390470220646,False,,
2020-08-31 22:43:50+00:00,0.0007936261755814739,False,,
2020-08-31 22:43:55+00:00,0.0008772464992374591,False,,
2020-08-31 22:44:00+00:00,0.0003453172021579502,False,,
2020-08-31 22:44:05+00:00,9.430397032270872e-05,False,,
2020-08-31 22:44:10+00:00,0.00042271835216844104,False,,
2020-08-31 22:44:15+00:00,0.0008568522866163054,False,,
2020-08-31 22:44:20+00:00,0.000840264043156125,False,,
2020-08-31 22:44:25+00:00,0.0009650904577190843,False,,
2020-08-31 22:44:30+00:00,0.00046672463097316744,False,,
2020-08-31 22:44:35+00:00,0.00042685688074769166,False,,
2020-08-31 22:44:40+00:00,0.0005603469951703362,False,,
2020-08-31 22:44:45+00:00,0.0006735685644735842,False,,
2020-08-31 22:44:50+00:00,0.00042809560947478946,False,,
2020-08-31 22:44:55+00:00,0.00045969788962502194,False,,
2020-08-31 22:45:00+00:00,0.0008540659953791035,False,,
2020-08-31 22:45:05+00:00,0.0006844470947426181,False,,
2020-08-31 22:45:10+00:00,0.00032549185307558334,False,,
2020-08-31 22:45:15+00:00,0.0005898697004033839,False,,
2020-08-31 22:45:20+00:00,0.0007592782027622377,False,,
2020-08-31 22:45:25+00:00,0.0004382251650409542,False,,
2020-08-31 22:45:30+00:00,0.0006807720540651153,False,,
2020-08-31 22:45:35+00:00,0.00043405310376005117,False,,
2020-08-31 22:45:40+00:00,0.0004449511416418796,False,,
2020-08-31 22:45:45+00:00,0.0005289076270556846,False,,
2020-08-31 22:45:50+00:00,0.0005460494372239553,False,,
2020-08-31 22:45:55+00:00,0.0003479212393395677,False,,
2020-08-31 22:46:00+00:00,0.0007032043531230881,False,,
2020-08-31 22:46:05+00:00,0.0006092286269874013,False,,
2020-08-31 22:46:10+00:00,0.0008487198960111322,False,,
2020-08-31 22:46:15+00:00,0.0009238596213336265,False,,
2020-08-31 22:46:20+00:00,0.0005362124666899862,False,,
2020-08-31 22:46:25+00:00,0.0006698589853178421,False,,
2020-08-31 22:46:30+00:00,0.00042907014527262925,False,,
2020-08-31 22:46:35+00:00,0.0004615152744650054,False,,
2020-08-31 22:46:40+00:00,0.0002282333210714822,False,,
2020-08-31 22:46:45+00:00,0.00018198384026378632,False,,
2020-08-31 22:46:50+00:00,0.0005367423044452845,False,,
2020-08-31 22:46:55+00:00,0.000554689669777898,False,,
2020-08-31 22:47:00+00:00,0.0005018259003980132,False,,
2020-08-31 22:47:05+00:00,0.0005267839560315469,False,,
2020-08-31 22:47:10+00:00,0.0008103964353622944,False,,
2020-08-31 22:47:15+00:00,0.0008681399454441005,False,,
2020-08-31 22:47:20+00:00,0.0013301914596342281,False,,
2020-08-31 22:47:25+00:00,0.0013850372957677935,False,,
2020-08-31 22:47:30+00:00,0.0010770848178976156,False,,
2020-08-31 22:47:35+00:00,0.0010811701157784645,False,,
2020-08-31 22:47:40+00:00,0.0005968662574543888,False,,
2020-08-31 22:47:45+00:00,0.0012867478042757439,False,,
2020-08-31 22:47:50+00:00,0.0009465031778169281,False,,
2020-08-31 22:47:55+00:00,0.0007529040845522691,False,,
2020-08-31 22:48:00+00:00,0.0005648375402373834,False,,
2020-08-31 22:48:05+00:00,0.0012556515174569059,False,,
2020-08-31 22:48:10+00:00,0.0004745518339453557,False,,
2020-08-31 22:48:15+00:00,0.0010923860835195577,False,,
2020-08-31 22:48:20+00:00,0.0009748605020770806,False,,
2020-08-31 22:48:25+00:00,0.0007406705468062022,False,,
2020-08-31 22:48:30+00:00,0.0004244979886305932,False,,
2020-08-31 22:48:35+00:00,0.0011278137935291596,False,,
2020-08-31 22:48:40+00:00,0.00022694133586314007,False,,
2020-08-31 22:48:45+00:00,0.0006493411142349736,False,,
2020-08-31 22:48:50+00:00,0.0007725274451654184,False,,
2020-08-31 22:48:55+00:00,0.0006781790963026695,False,,
2020-08-31 22:49:00+00:00,0.00039180945491184784,False,,
2020-08-31 22:49:05+00:00,9.53056836262826e-05,False,,
2020-08-31 22:49:10+00:00,0.00028773398801688107,False,,
2020-08-31 22:49:15+00:00,0.0004857695673114575,False,,
2020-08-31 22:49:20+00:00,0.0003118811256392317,False,,
2020-08-31 22:49:25+00:00,0.00020684314449921626,False,,
2020-08-31 22:49:30+00:00,0.0004014819586003493,False,,
2020-08-31 22:49:35+00:00,0.0005763331595335586,False,,
2020-08-31 22:49:40+00:00,0.0006487378423545102,False,,
2020-08-31 22:49:45+00:00,0.000360657109865917,False,,
2020-08-31 22:49:50+00:00,0.0011147876982643713,False,,
2020-08-31 22:49:55+00:00,0.0009824873734223727,False,,
2020-08-31 22:50:00+00:00,0.0007971324126736177,False,,
2020-08-31 22:50:05+00:00,0.0006558875622095603,False,,
2020-08-31 22:50:10+00:00,0.0005550052623099223,False,,
2020-08-31 22:50:15+00:00,0.000808393052530853,False,,
2020-08-31 22:50:20+00:00,0.001243831339028084,False,,
2020-08-31 22:50:25+00:00,0.0003031447289833267,False,,
2020-08-31 22:50:30+00:00,0.00034764677147213304,False,,
2020-08-31 22:50:35+00:00,0.0005218046692599557,False,,
2020-08-31 22:50:40+00:00,5.315839877339858e-05,False,,
2020-08-31 22:50:45+00:00,0.00020450526621126658,False,,
2020-08-31 22:50:50+00:00,0.000566885379554105,False,,
2020-08-31 22:50:55+00:00,0.0002779358191597766,False,,
2020-08-31 22:51:00+00:00,0.001000376370994017,False,,
2020-08-31 22:51:05+00:00,0.0013628621381589969,False,,
2020-08-31 22:51:10+00:00,0.0005968345097633495,False,,
2020-08-31 22:51:15+00:00,0.00044435374679270534,False,,
2020-08-31 22:51:20+00:00,0.00034526761978662666,False,,
2020-08-31 22:51:25+00:00,0.00018747146543086394,False,,
2020-08-31 22:51:30+00:00,0.00025813459065427373,False,,
2020-08-31 22:51:35+00:00,0.0008014212409532247,False,,
2020-08-31 22:51:40+00:00,0.0006625862349007353,False,,
2020-08-31 22:51:45+00:00,0.0008359826488841829,False,,
2020-08-31 22:51:50+00:00,0.00042717825552026305,False,,
2020-08-31 22:51:55+00:00,0.001214908344727113,False,,
2020-08-31 22:52:00+00:00,0.0011233418580184654,False,,
2020-08-31 22:52:05+00:00,0.0013110808160507097,False,,
2020-08-31 22:52:10+00:00,0.0012590094379194556,False,,
2020-08-31 22:52:15+00:00,0.000982390116326154,False,,
2020-08-31 22:52:20+00:00,0.00026967245747392147,False,,
2020-08-31 22:52:25+00:00,0.0011180831313495753,False,,
2020-08-31 22:52:30+00:00,0.0011406363329898414,False,,
2020-08-31 22:52:35+00:00,0.0008308163444801041,False,,
2020-08-31 22:52:40+00:00,0.0005497473383708697,False,,
2020-08-31 22:52:45+00:00,0.0010534412627333989,False,,
2020-08-31 22:52:55+00:00,0.0011116605036279802,False,,
2020-08-31 22:53:00+00:00,0.00048573269953495,False,,
2020-08-31 22:53:05+00:00,0.0008661811153720261,False,,
2020-08-31 22:53:10+00:00,0.001466287042406863,False,,
2020-08-31 22:53:15+00:00,0.0007296487241008053,False,,
2020-08-31 22:53:20+00:00,0.0014734964619101706,False,,
2020-08-31 22:53:30+00:00,0.0013192680303974694,False,,
2020-08-31 22:53:35+00:00,0.0004360354665677149,False,,
2020-08-31 22:53:40+00:00,0.0007538711816956704,False,,
2020-08-31 22:53:45+00:00,0.0008441229763099387,False,,
2020-08-31 22:53:50+00:00,0.0005361606120487643,False,,
2020-08-31 22:53:55+00:00,0.0008287304715103219,False,,
2020-08-31 22:54:00+00:00,0.0008799812829055902,False,,
2020-08-31 22:54:05+00:00,0.0010879482223219623,False,,
2020-08-31 22:54:10+00:00,0.0009625992965626314,False,,
2020-08-31 22:54:15+00:00,0.000789584697702206,False,,
2020-08-31 22:54:20+00:00,0.001009290648989275,False,,
2020-08-31 22:54:25+00:00,0.0009724058775841236,False,,
2020-08-31 22:54:30+00:00,0.0005138361120838536,False,,
2020-08-31 22:54:35+00:00,0.0012920297687978536,False,,
2020-08-31 22:54:40+00:00,0.0008415312577038025,False,,
2020-08-31 22:54:45+00:00,0.0003618596497618047,False,,
2020-08-31 22:54:50+00:00,0.001075113006195563,False,,
2020-08-31 22:54:55+00:00,0.0010369607931033557,False,,
2020-08-31 22:55:00+00:00,0.0005619804035752918,False,,
2020-08-31 22:55:05+00:00,0.0007712283355626929,False,,
2020-08-31 22:55:10+00:00,0.0005688334340371391,False,,
2020-08-31 22:55:15+00:00,0.0004797190650685851,False,,
2020-08-31 22:55:20+00:00,0.0016791944046498626,False,,
2020-08-31 22:55:25+00:00,0.0010216922683667876,False,,
2020-08-31 22:55:30+00:00,0.000580855363295931,False,,
2020-08-31 22:55:35+00:00,0.0008469200517817934,False,,
2020-08-31 22:55:45+00:00,0.0013617237101171235,False,,
2020-08-31 22:55:50+00:00,0.0005997403266102488,False,,
2020-08-31 22:55:55+00:00,0.0004751415908126664,False,,
2020-08-31 22:56:00+00:00,0.0008176367024879808,False,,
2020-08-31 22:56:05+00:00,0.00061503906987924,False,,
2020-08-31 22:56:10+00:00,0.001169517247571165,False,,
2020-08-31 22:56:15+00:00,0.0010001576746734137,False,,
2020-08-31 22:56:20+00:00,0.0003154449059258036,False,,
2020-08-31 22:56:25+00:00,0.00026318977341150296,False,,
2020-08-31 22:56:30+00:00,0.0001547745116854969,False,,
2020-08-31 22:56:35+00:00,0.00017787968212839441,False,,
2020-08-31 22:56:40+00:00,0.0009557521579785859,False,,
2020-08-31 22:56:45+00:00,0.00041872914929461384,False,,
2020-08-31 22:56:50+00:00,0.00065320388006667,False,,
2020-08-31 22:56:55+00:00,0.001184400156744194,False,,
2020-08-31 22:57:00+00:00,0.0012540618650405256,False,,
2020-08-31 22:57:05+00:00,0.001585819617017846,False,,
2020-08-31 22:57:10+00:00,0.0009988612250275521,False,,
2020-08-31 22:57:15+00:00,0.0013167569887196895,False,,
2020-08-31 22:57:25+00:00,0.00042117699570193154,False,,
2020-08-31 22:57:30+00:00,0.000690222559090906,False,,
2020-08-31 22:57:35+00:00,0.0010676900796588434,False,,
2020-08-31 22:57:40+00:00,0.0012065908062721064,False,,
2020-08-31 22:57:45+00:00,0.0007612921822201894,False,,
2020-08-31 22:57:50+00:00,0.0004904038136703504,False,,
2020-08-31 22:57:55+00:00,0.00057565303295972,False,,
2020-08-31 22:58:00+00:00,0.0005161870587392941,False,,
2020-08-31 22:58:05+00:00,0.000500608967012265,False,,
2020-08-31 22:58:10+00:00,0.0008773867124670051,False,,
2020-08-31 22:58:15+00:00,0.0006093857984972789,False,,
2020-08-31 22:58:20+00:00,0.0008869902496443596,False,,
2020-08-31 22:58:25+00:00,0.0007916147187141221,False,,
2020-08-31 22:58:30+00:00,0.0005199812339449524,False,,
2020-08-31 22:58:35+00:00,0.00043365456624924173,False,,
2020-08-31 22:58:40+00:00,0.0013995660981508814,False,,
2020-08-31 22:58:45+00:00,0.0006207403451485375,False,,
2020-08-31 22:58:50+00:00,0.0012735644353795534,False,,
2020-08-31 22:58:55+00:00,0.0004007818895593014,False,,
2020-08-31 22:59:00+00:00,0.0006973964723465662,False,,
2020-08-31 22:59:10+00:00,0.0006834612216397196,False,,
2020-08-31 22:59:15+00:00,0.0005292756278689235,False,,
2020-08-31 22:59:20+00:00,0.0014400635391051825,False,,
2020-08-31 22:59:25+00:00,0.001008679350670311,False,,
2020-08-31 22:59:30+00:00,0.0008603605116085172,False,,
2020-08-31 22:59:35+00:00,0.00027375159594132626,False,,
2020-08-31 22:59:40+00:00,0.0011223873626044754,False,,
2020-08-31 22:59:45+00:00,0.0013068248430401666,False,,
2020-08-31 22:59:50+00:00,0.0007729359399488715,False,,
2020-08-31 22:59:55+00:00,0.0002658242414772932,False,,
2020-08-31 23:00:00+00:00,0.001021818918308948,False,,
2020-08-31 23:00:05+00:00,0.000431830870466507,False,,
2020-08-31 23:00:10+00:00,0.0007222833872429323,False,,
2020-08-31 23:00:15+00:00,0.0003885767414661114,False,,
2020-08-31 23:00:20+00:00,0.0006179019727589268,False,,
2020-08-31 23:00:30+00:00,0.0006228033359326027,False,,
2020-08-31 23:00:35+00:00,0.0011414463215733799,False,,
2020-08-31 23:00:40+00:00,0.0011923445469091195,False,,
2020-08-31 23:00:50+00:00,0.0006933811671170669,False,,
2020-08-31 23:01:00+00:00,0.0003740329077200233,False,,
2020-08-31 23:01:05+00:00,0.0008560537101512084,False,,
2020-08-31 23:01:10+00:00,0.0007645609936305792,False,,
2020-08-31 23:01:15+00:00,0.001022095381456448,False,,
2020-08-31 23:01:20+00:00,0.0010413348272265165,False,,
2020-08-31 23:01:25+00:00,0.000815312852613196,False,,
2020-08-31 23:01:30+00:00,0.0009146283396197847,False,,
2020-08-31 23:01:35+00:00,0.0007331924797162074,False,,
2020-08-31 23:01:40+00:00,0.0003495420160707313,False,,
2020-08-31 23:01:45+00:00,0.0005377021121375203,False,,
2020-08-31 23:01:50+00:00,0.0007220139823449997,False,,
2020-08-31 23:01:55+00:00,0.0005104291299444598,False,,
2020-08-31 23:02:00+00:00,0.00011120032655795841,False,,
2020-08-31 23:02:05+00:00,0.0006488671547843702,False,,
2020-08-31 23:02:10+00:00,0.0014802105359612093,False,,
2020-08-31 23:02:15+00:00,0.0006423979525052157,False,,
2020-08-31 23:02:20+00:00,0.0005500612492244618,False,,
2020-08-31 23:02:25+00:00,0.0002962628002556848,False,,
2020-08-31 23:02:30+00:00,0.0007058287788025356,False,,
2020-08-31 23:02:35+00:00,0.00047180838229256224,False,,
2020-08-31 23:02:40+00:00,0.0010356515596444387,False,,
2020-08-31 23:02:45+00:00,0.001400329749859651,False,,
2020-08-31 23:02:55+00:00,0.0008651250354517072,False,,
2020-08-31 23:03:00+00:00,0.0009609224335834987,False,,
2020-08-31 23:03:05+00:00,0.0015930553076150301,False,,
2020-08-31 23:03:10+00:00,0.001403499728367752,False,,
2020-08-31 23:03:15+00:00,0.0011998627227346916,False,,
2020-08-31 23:03:20+00:00,0.0010862325828026977,False,,
2020-08-31 23:03:25+00:00,0.0010133298513918811,False,,
2020-08-31 23:03:30+00:00,0.0005121537369756583,False,,
2020-08-31 23:03:35+00:00,0.0006231767003189594,False,,
2020-08-31 23:03:40+00:00,0.0003263177368349483,False,,
2020-08-31 23:03:45+00:00,0.00027184135560797204,False,,
2020-08-31 23:03:50+00:00,0.0007616385782545765,False,,
2020-08-31 23:03:55+00:00,0.002266718774096419,True,5.0,1.0
2020-08-31 23:04:00+00:00,0.002321327149968149,True,5.0,2.0
2020-08-31 23:04:05+00:00,0.0007108998139150198,False,,
2020-08-31 23:04:10+00:00,0.0008178596097317964,False,,
2020-08-31 23:04:15+00:00,0.0007403293958415608,False,,
2020-08-31 23:04:20+00:00,0.0007009917673758051,False,,
2020-08-31 23:04:25+00:00,0.000979190614625712,False,,
2020-08-31 23:04:30+00:00,0.000848538165264867,False,,
2020-08-31 23:04:35+00:00,0.0003504245979384097,False,,
2020-08-31 23:04:40+00:00,0.001390868496119217,False,,
2020-08-31 23:04:45+00:00,0.0004795483091986673,False,,
2020-08-31 23:04:50+00:00,0.0006612045953633084,False,,
2020-08-31 23:04:55+00:00,0.000871731438812957,False,,
2020-08-31 23:05:00+00:00,0.001283615278412179,False,,
2020-08-31 23:05:05+00:00,0.0013263831948901804,False,,
2020-08-31 23:05:10+00:00,0.0005256172285139106,False,,
2020-08-31 23:05:15+00:00,0.000128829000709168,False,,
2020-08-31 23:05:20+00:00,0.0005075964302550336,False,,
2020-08-31 23:05:25+00:00,0.000645032685169091,False,,
2020-08-31 23:05:30+00:00,0.0004748281973631491,False,,
2020-08-31 23:05:35+00:00,0.0006758137375419849,False,,
2020-08-31 23:05:40+00:00,0.0009389436647963746,False,,
2020-08-31 23:05:45+00:00,0.0007161355204632805,False,,
2020-08-31 23:05:50+00:00,0.0006065535048555954,False,,
2020-08-31 23:05:55+00:00,0.0006869191244661191,False,,
2020-08-31 23:06:00+00:00,0.0010315422436122945,False,,
2020-08-31 23:06:05+00:00,0.0009522710955819265,False,,
2020-08-31 23:06:10+00:00,0.0008814992215276668,False,,
2020-08-31 23:06:15+00:00,0.00014109179733904302,False,,
2020-08-31 23:06:20+00:00,0.0005214230908901386,False,,
2020-08-31 23:06:25+00:00,0.0005396165168748963,False,,
2020-08-31 23:06:30+00:00,0.0003243582315257568,False,,
2020-08-31 23:06:35+00:00,0.0004915626089382622,False,,
2020-08-31 23:06:40+00:00,0.00033339094561214146,False,,
2020-08-31 23:06:45+00:00,0.0004544387340524782,False,,
2020-08-31 23:06:50+00:00,0.0008620122273971111,False,,
2020-08-31 23:06:55+00:00,0.0013484582865333193,False,,
2020-08-31 23:07:00+00:00,0.00039840402882515037,False,,
2020-08-31 23:07:05+00:00,0.0011118823942037205,False,,
2020-08-31 23:07:10+00:00,0.00028758767759332613,False,,
2020-08-31 23:07:15+00:00,0.0008759857447133887,False,,
2020-08-31 23:07:20+00:00,0.00101085885292336,False,,
2020-08-31 23:07:25+00:00,0.0006373041052878108,False,,
2020-08-31 23:07:30+00:00,0.001623600743030826,False,,
2020-08-31 23:07:35+00:00,0.00039874960069866605,False,,
2020-08-31 23:07:40+00:00,0.0012838442298348277,False,,
2020-08-31 23:07:45+00:00,0.0009239856793449799,False,,
2020-08-31 23:07:50+00:00,0.0013300061899783437,False,,
2020-08-31 23:07:55+00:00,0.0004391413807442134,False,,
2020-08-31 23:08:00+00:00,0.0003918330601809139,False,,
2020-08-31 23:08:05+00:00,0.0007500657129085353,False,,
2020-08-31 23:08:10+00:00,0.0010062270704102121,False,,
2020-08-31 23:08:15+00:00,0.0015406318783094928,False,,
2020-08-31 23:08:20+00:00,0.0009361097964029393,False,,
2020-08-31 23:08:25+00:00,0.0006862902937838888,False,,
2020-08-31 23:08:30+00:00,0.0003501785405887821,False,,
2020-08-31 23:08:35+00:00,0.0003582878706990334,False,,
2020-08-31 23:08:40+00:00,0.0008698565652155146,False,,
2020-08-31 23:08:45+00:00,0.0005868618904516745,False,,
2020-08-31 23:08:50+00:00,0.0005598944882895887,False,,
2020-08-31 23:08:55+00:00,0.0007401739723065022,False,,
2020-08-31 23:09:00+00:00,0.000655083011959781,False,,
2020-08-31 23:09:05+00:00,0.0013203349785490838,False,,
2020-08-31 23:09:10+00:00,0.0008131391516075418,False,,
2020-08-31 23:09:15+00:00,0.00023739354605435936,False,,
2020-08-31 23:09:20+00:00,0.0003842480011381073,False,,
2020-08-31 23:09:25+00:00,0.0010507670579007731,False,,
2020-08-31 23:09:30+00:00,0.0009029653414352192,False,,
2020-08-31 23:09:35+00:00,0.00019557331145417402,False,,
2020-08-31 23:09:40+00:00,0.0004645699629174223,False,,
2020-08-31 23:09:45+00:00,0.0008806762673322286,False,,
2020-08-31 23:09:50+00:00,0.0006366174998530603,False,,
2020-08-31 23:09:55+00:00,0.0007457788350283273,False,,
2020-08-31 23:10:00+00:00,0.0003269725762512316,False,,
2020-08-31 23:10:05+00:00,0.00039578521397675597,False,,
2020-08-31 23:10:10+00:00,0.0007134013138468349,False,,
2020-08-31 23:10:15+00:00,0.0010498409482649922,False,,
2020-08-31 23:10:20+00:00,0.0015463005263069288,False,,
2020-08-31 23:10:25+00:00,0.001701790863520334,True,6.0,1.0
2020-08-31 23:10:30+00:00,0.0018134096204429591,True,6.0,2.0
2020-08-31 23:10:35+00:00,0.0002852797116912912,False,,
2020-08-31 23:10:40+00:00,0.0007935166120817795,False,,
2020-08-31 23:10:55+00:00,0.0004671756277325812,False,,
2020-08-31 23:11:05+00:00,0.0012576839124752834,False,,
2020-08-31 23:11:20+00:00,0.0012348507352021084,False,,
2020-08-31 23:11:25+00:00,0.001479862924330329,False,,
2020-08-31 23:11:30+00:00,0.0007127255406651041,False,,
2020-08-31 23:11:35+00:00,0.00030642892742153613,False,,
2020-08-31 23:11:40+00:00,0.0012796082857078291,False,,
2020-08-31 23:11:45+00:00,0.0015576722310738664,False,,
2020-08-31 23:11:50+00:00,0.0008466003272249626,False,,
2020-08-31 23:11:55+00:00,0.0009628157579478746,False,,
2020-08-31 23:12:00+00:00,0.0009139030526495939,False,,
2020-08-31 23:12:05+00:00,0.0008220183319464461,False,,
2020-08-31 23:12:10+00:00,0.0005927271690993182,False,,
2020-08-31 23:12:15+00:00,0.0009612927033299884,False,,
2020-08-31 23:12:20+00:00,0.0013307237955158698,False,,
2020-08-31 23:12:25+00:00,0.0014327812164776634,False,,
2020-08-31 23:12:30+00:00,0.00021871500236906973,False,,
2020-08-31 23:12:35+00:00,0.0006956649497234463,False,,
2020-08-31 23:12:40+00:00,0.0009085240671600098,False,,
2020-08-31 23:12:45+00:00,0.0006492281593139482,False,,
2020-08-31 23:12:50+00:00,0.0015174621545367478,False,,
2020-08-31 23:12:55+00:00,0.001329093798979847,False,,
2020-08-31 23:13:00+00:00,0.0007707379702487082,False,,
2020-08-31 23:13:05+00:00,0.001120833427030251,False,,
2020-08-31 23:13:10+00:00,0.001179602764915674,False,,
2020-08-31 23:13:15+00:00,0.0014894870059786354,False,,
2020-08-31 23:13:20+00:00,0.0005110910743439536,False,,
2020-08-31 23:13:25+00:00,0.0007862836375100977,False,,
2020-08-31 23:13:30+00:00,0.0008899955575533214,False,,
2020-08-31 23:13:35+00:00,0.001096728274227502,False,,
2020-08-31 23:13:40+00:00,0.0005102395567205377,False,,
2020-08-31 23:13:45+00:00,0.0007419120511287379,False,,
2020-08-31 23:13:50+00:00,0.0008006907396840599,False,,
2020-08-31 23:13:55+00:00,0.00035674090032741947,False,,
2020-08-31 23:14:00+00:00,0.0007224141514154082,False,,
2020-08-31 23:14:05+00:00,0.00030740224153962063,False,,
2020-08-31 23:14:10+00:00,0.0008032266718288579,False,,
2020-08-31 23:14:15+00:00,0.0007430705365662163,False,,
2020-08-31 23:14:20+00:00,0.0004337347475105766,False,,
2020-08-31 23:14:25+00:00,0.0008246444324107272,False,,
2020-08-31 23:14:30+00:00,0.0013704343572118402,False,,
2020-08-31 23:14:35+00:00,0.001238005935401633,False,,
2020-08-31 23:14:40+00:00,0.0002829246359696976,False,,
2020-08-31 23:14:45+00:00,0.0003197200462013546,False,,
2020-08-31 23:14:50+00:00,0.0002254532023295296,False,,
2020-08-31 23:14:55+00:00,0.0006919650970581029,False,,
2020-08-31 23:15:00+00:00,0.0003853319305321265,False,,
2020-08-31 23:15:05+00:00,0.0006837914218578359,False,,
2020-08-31 23:15:10+00:00,0.0005513128633416263,False,,
2020-08-31 23:15:20+00:00,0.0002621663530729718,False,,
2020-08-31 23:15:25+00:00,0.0005699767739878691,False,,
2020-08-31 23:15:30+00:00,0.0011227436537484272,False,,
2020-08-31 23:15:35+00:00,0.0004207887955805008,False,,
2020-08-31 23:15:40+00:00,0.0011527454811238722,False,,
2020-08-31 23:15:45+00:00,0.0011022250259880976,False,,
2020-08-31 23:15:50+00:00,0.0005908345016150055,False,,
2020-08-31 23:15:55+00:00,0.0005313126543040654,False,,
2020-08-31 23:16:00+00:00,0.000996798804560609,False,,
2020-08-31 23:16:05+00:00,0.0005524519304174744,False,,
2020-08-31 23:16:10+00:00,0.00034319291049056297,False,,
2020-08-31 23:16:15+00:00,0.000544607661332436,False,,
2020-08-31 23:16:20+00:00,0.0008651634801113624,False,,
2020-08-31 23:16:25+00:00,0.0005542879238850255,False,,
2020-08-31 23:16:30+00:00,0.0011185734802173532,False,,
2020-08-31 23:16:35+00:00,0.0007530196557858606,False,,
2020-08-31 23:16:40+00:00,0.00031361637232497696,False,,
2020-08-31 23:16:45+00:00,0.0003429959939921669,False,,
2020-08-31 23:16:50+00:00,0.0007995041597673887,False,,
2020-08-31 23:16:55+00:00,0.0006586504955125169,False,,
2020-08-31 23:17:00+00:00,0.0003801326045860705,False,,
2020-08-31 23:17:05+00:00,0.0010552227574204146,False,,
2020-08-31 23:17:10+00:00,5.774380697254504e-05,False,,
2020-08-31 23:17:15+00:00,0.0010315745891538585,False,,
2020-08-31 23:17:20+00:00,0.0008869663934069161,False,,
2020-08-31 23:17:25+00:00,0.001120593014175253,False,,
2020-08-31 23:17:30+00:00,0.0006472880820618847,False,,
2020-08-31 23:17:35+00:00,0.0004692436729216539,False,,
2020-08-31 23:17:40+00:00,0.0005573031169213055,False,,
2020-08-31 23:17:45+00:00,0.000340260525402436,False,,
2020-08-31 23:17:50+00:00,0.00045485635233681566,False,,
2020-08-31 23:17:55+00:00,0.0008359560628459824,False,,
2020-08-31 23:18:00+00:00,0.0007229608803809855,False,,
2020-08-31 23:18:05+00:00,0.0009282282409777094,False,,
2020-08-31 23:18:10+00:00,0.00045164006640618633,False,,
2020-08-31 23:18:15+00:00,0.0008511763257556586,False,,
2020-08-31 23:18:20+00:00,0.0008630865622280412,False,,
2020-08-31 23:18:25+00:00,0.0005973129886078391,False,,
2020-08-31 23:18:30+00:00,0.00026672808187744047,False,,
2020-08-31 23:18:35+00:00,0.0007951535944393572,False,,
2020-08-31 23:18:40+00:00,0.0003060732440342204,False,,
2020-08-31 23:18:45+00:00,0.0005795457086511575,False,,
2020-08-31 23:18:50+00:00,0.0010425800889873834,False,,
2020-08-31 23:18:55+00:00,0.0002181484846215638,False,,
2020-08-31 23:19:00+00:00,8.576723810213005e-05,False,,
2020-08-31 23:19:05+00:00,0.0001481438689453641,False,,
2020-08-31 23:19:10+00:00,0.000636419693528505,False,,
2020-08-31 23:19:15+00:00,0.0007555476813750547,False,,
2020-08-31 23:19:20+00:00,0.0003798895084549798,False,,
2020-08-31 23:19:25+00:00,0.0009679424829125123,False,,
2020-08-31 23:19:30+00:00,0.0003283509832182726,False,,
2020-08-31 23:19:35+00:00,0.0005079636899836227,False,,
2020-08-31 23:19:40+00:00,0.00017586214228976045,False,,
2020-08-31 23:19:45+00:00,0.0005123241263593612,False,,
2020-08-31 23:19:50+00:00,0.0004233528392843602,False,,
2020-08-31 23:19:55+00:00,0.00018793135043049423,False,,
2020-08-31 23:20:00+00:00,0.0002640739999535478,False,,
2020-08-31 23:20:05+00:00,0.0006994474031713763,False,,
2020-08-31 23:20:10+00:00,0.00013914627338643424,False,,
2020-08-31 23:20:15+00:00,0.0009146673800206983,False,,
2020-08-31 23:20:20+00:00,0.0004182303200920585,False,,
2020-08-31 23:20:25+00:00,0.0003164960775359606,False,,
2020-08-31 23:20:30+00:00,0.0004364200687083656,False,,
2020-08-31 23:20:35+00:00,0.0004784283073732824,False,,
2020-08-31 23:20:40+00:00,0.0005122637540420232,False,,
2020-08-31 23:20:45+00:00,0.0005520529567069884,False,,
2020-08-31 23:20:50+00:00,0.0005037638643967748,False,,
2020-08-31 23:20:55+00:00,0.0003886738362384719,False,,
2020-08-31 23:21:00+00:00,0.0003728355226497101,False,,
2020-08-31 23:21:05+00:00,0.00017836012187267438,False,,
2020-08-31 23:21:10+00:00,0.00042090717808253254,False,,
2020-08-31 23:21:15+00:00,0.0006438519648174766,False,,
2020-08-31 23:21:20+00:00,0.00020651303326956974,False,,
2020-08-31 23:21:25+00:00,0.00018872598581979065,False,,
2020-08-31 23:21:30+00:00,0.0007355664160438504,False,,
2020-08-31 23:21:35+00:00,0.000453234853956647,False,,
2020-08-31 23:21:40+00:00,0.00032012722503697047,False,,
2020-08-31 23:21:45+00:00,0.0007437872706318523,False,,
2020-08-31 23:21:50+00:00,0.00035517962864940516,False,,
2020-08-31 23:21:55+00:00,0.0005742151458478348,False,,
2020-08-31 23:22:00+00:00,0.0007876550107944891,False,,
2020-08-31 23:22:05+00:00,0.00042388389549358137,False,,
2020-08-31 23:22:10+00:00,0.0005342928277816851,False,,
2020-08-31 23:22:15+00:00,0.00021370672571352752,False,,
2020-08-31 23:22:20+00:00,0.0003432650540156554,False,,
2020-08-31 23:22:25+00:00,0.0004871673245220183,False,,
2020-08-31 23:22:30+00:00,0.0005231109414658504,False,,
2020-08-31 23:22:35+00:00,0.00043828413125658106,False,,
2020-08-31 23:22:40+00:00,6.821054349938924e-05,False,,
2020-08-31 23:22:45+00:00,0.00037486234136560473,False,,
2020-08-31 23:22:50+00:00,0.0007420867951478008,False,,
2020-08-31 23:22:55+00:00,0.00020818567794683178,False,,
2020-08-31 23:23:00+00:00,0.0006548964223931622,False,,
2020-08-31 23:23:05+00:00,0.00040397302623504833,False,,
2020-08-31 23:23:10+00:00,0.0004781721012846812,False,,
2020-08-31 23:23:15+00:00,0.001228212345837356,False,,
2020-08-31 23:23:20+00:00,0.0016517772229141686,False,,
2020-08-31 23:23:25+00:00,0.0005753858262350484,False,,
2020-08-31 23:23:30+00:00,0.00047110777065583143,False,,
2020-08-31 23:23:35+00:00,0.00020761915304178726,False,,
2020-08-31 23:23:40+00:00,0.0010230747078720161,False,,
2020-08-31 23:23:45+00:00,0.0009814284532244223,False,,
2020-08-31 23:23:50+00:00,0.000785989646726796,False,,
2020-08-31 23:23:55+00:00,0.0004736913197966835,False,,
2020-08-31 23:24:00+00:00,0.0006280818051968565,False,,
2020-08-31 23:24:05+00:00,0.0005884599100482291,False,,
2020-08-31 23:24:10+00:00,0.00043846716286030733,False,,
2020-08-31 23:24:15+00:00,0.00076242883407173,False,,
2020-08-31 23:24:20+00:00,0.00045535269151946193,False,,
2020-08-31 23:24:25+00:00,0.0009028033947087749,False,,
2020-08-31 23:24:30+00:00,0.0009140032981840881,False,,
2020-08-31 23:24:35+00:00,0.0002606850768870921,False,,
2020-08-31 23:24:40+00:00,0.0005871487970995739,False,,
2020-08-31 23:24:45+00:00,0.0005984710104234387,False,,
2020-08-31 23:24:50+00:00,0.0006454459408825287,False,,
2020-08-31 23:24:55+00:00,0.00010293039416384217,False,,
2020-08-31 23:25:00+00:00,0.0005263344440397508,False,,
2020-08-31 23:25:05+00:00,0.0005004340415255721,False,,
2020-08-31 23:25:10+00:00,0.0007130262281923802,False,,
2020-08-31 23:25:15+00:00,9.70029576569187e-05,False,,
2020-08-31 23:25:20+00:00,0.0005015013841476507,False,,
2020-08-31 23:25:25+00:00,0.0008823631693059034,False,,
2020-08-31 23:25:30+00:00,0.0004508283122424413,False,,
2020-08-31 23:25:35+00:00,0.0005949020131499845,False,,
2020-08-31 23:25:40+00:00,0.0009475441807570001,False,,
2020-08-31 23:25:45+00:00,0.0008756064660482008,False,,
2020-08-31 23:25:50+00:00,0.0010947263771328602,False,,
2020-08-31 23:25:55+00:00,0.0008843582182624491,False,,
2020-08-31 23:26:00+00:00,0.0007265575759105052,False,,
2020-08-31 23:26:05+00:00,0.0003034578131313456,False,,
2020-08-31 23:26:10+00:00,0.0003128593161445094,False,,
2020-08-31 23:26:15+00:00,0.0005091753170288019,False,,
2020-08-31 23:26:20+00:00,0.001365503241206525,False,,
2020-08-31 23:26:25+00:00,0.0008134680818387143,False,,
2020-08-31 23:26:30+00:00,0.0005785394898992047,False,,
2020-08-31 23:26:35+00:00,0.00034541362475258754,False,,
2020-08-31 23:26:40+00:00,0.0007675931588071265,False,,
2020-08-31 23:26:45+00:00,0.00028480161931084653,False,,
2020-08-31 23:26:50+00:00,8.494676539234125e-05,False,,
2020-08-31 23:26:55+00:00,0.00041586110101761285,False,,
2020-08-31 23:27:00+00:00,0.0003696055666723528,False,,
2020-08-31 23:27:05+00:00,0.0004545959222102266,False,,
2020-08-31 23:27:10+00:00,0.0007972886241057599,False,,
2020-08-31 23:27:15+00:00,0.0007732379768607506,False,,
2020-08-31 23:27:20+00:00,0.00033549673013670334,False,,
2020-08-31 23:27:25+00:00,0.00022558098842141844,False,,
2020-08-31 23:27:30+00:00,0.0005647551070128358,False,,
2020-08-31 23:27:35+00:00,0.0008660638402141891,False,,
2020-08-31 23:27:40+00:00,0.0014096043909782295,False,,
2020-08-31 23:27:45+00:00,0.0008906971963889864,False,,
2020-08-31 23:27:50+00:00,0.0004763402382961181,False,,
2020-08-31 23:27:55+00:00,0.0005919378501791418,False,,
2020-08-31 23:28:00+00:00,0.0003493178286806865,False,,
2020-08-31 23:28:05+00:00,0.00037207718035645943,False,,
2020-08-31 23:28:10+00:00,0.0011287919780122242,False,,
2020-08-31 23:28:15+00:00,0.00040064488341271003,False,,
2020-08-31 23:28:20+00:00,0.0008451423247199464,False,,
2020-08-31 23:28:25+00:00,0.0005618327341717131,False,,
2020-08-31 23:28:30+00:00,0.001152493188418217,False,,
2020-08-31 23:28:35+00:00,0.0009741064448311679,False,,
2020-08-31 23:28:40+00:00,0.0006933486732742799,False,,
2020-08-31 23:28:45+00:00,0.000524531506319545,False,,
2020-08-31 23:28:50+00:00,0.0010418429870101011,False,,
2020-08-31 23:28:55+00:00,0.0006083401176948351,False,,
2020-08-31 23:29:00+00:00,0.0007488868867825922,False,,
2020-08-31 23:29:05+00:00,0.0010267812711792354,False,,
2020-08-31 23:29:10+00:00,0.0009781394715917525,False,,
2020-08-31 23:29:15+00:00,0.00125004147072636,False,,
2020-08-31 23:29:20+00:00,0.0009505414867605511,False,,
2020-08-31 23:29:25+00:00,0.0005501251422329415,False,,
2020-08-31 23:29:30+00:00,0.0003130699506746146,False,,
2020-08-31 23:29:35+00:00,0.00020204608572326773,False,,
2020-08-31 23:29:40+00:00,0.0012281839123442818,False,,
2020-08-31 23:29:45+00:00,0.001567105503205348,False,,
2020-08-31 23:29:50+00:00,0.000497656031994261,False,,
2020-08-31 23:29:55+00:00,0.0006371575927259335,False,,
2020-08-31 23:30:00+00:00,0.0006375993719254808,False,,
2020-08-31 23:30:05+00:00,0.0009754621182376923,False,,
2020-08-31 23:30:10+00:00,0.000709256011245873,False,,
2020-08-31 23:30:15+00:00,0.0008199524167890643,False,,
2020-08-31 23:30:20+00:00,0.0006674840277371259,False,,
2020-08-31 23:30:25+00:00,0.00011776596516343204,False,,
2020-08-31 23:30:30+00:00,0.0008973573133104639,False,,
2020-08-31 23:30:35+00:00,0.0006649394366887915,False,,
2020-08-31 23:30:40+00:00,0.00033108185750098146,False,,
2020-08-31 23:30:45+00:00,0.0002853240837383533,False,,
2020-08-31 23:30:50+00:00,0.000618030878280252,False,,
2020-08-31 23:30:55+00:00,0.00021613034690957128,False,,
2020-08-31 23:31:00+00:00,0.0007014967856721694,False,,
2020-08-31 23:31:05+00:00,0.0006373164337395131,False,,
2020-08-31 23:31:10+00:00,0.0011652323472354689,False,,
2020-08-31 23:31:15+00:00,0.0008908030021722615,False,,
2020-08-31 23:31:20+00:00,0.00042923479080634875,False,,
2020-08-31 23:31:25+00:00,0.00028007821520107567,False,,
2020-08-31 23:31:30+00:00,0.0003353989951346176,False,,
2020-08-31 23:31:35+00:00,0.0002216730836039904,False,,
2020-08-31 23:31:40+00:00,0.0006448023639475472,False,,
2020-08-31 23:31:45+00:00,0.0009335446193935834,False,,
2020-08-31 23:31:50+00:00,0.001042651176283483,False,,
2020-08-31 23:31:55+00:00,0.0001565538853131112,False,,
2020-08-31 23:32:00+00:00,0.0007714002298411408,False,,
2020-08-31 23:32:05+00:00,0.0014145095250549659,False,,
2020-08-31 23:32:10+00:00,0.0009440389323367536,False,,
2020-08-31 23:32:15+00:00,9.233137651939621e-05,False,,
2020-08-31 23:32:20+00:00,0.00043346227284533017,False,,
2020-08-31 23:32:25+00:00,0.0005688681049192806,False,,
2020-08-31 23:32:30+00:00,0.0010516409531824338,False,,
2020-08-31 23:32:35+00:00,0.0007272252444024596,False,,
2020-08-31 23:32:45+00:00,0.0006869864150770134,False,,
2020-08-31 23:32:50+00:00,0.0005814565404093794,False,,
2020-08-31 23:32:55+00:00,0.00046906129534477007,False,,
2020-08-31 23:33:00+00:00,0.000786228398030455,False,,
2020-08-31 23:33:05+00:00,0.000661028554431428,False,,
2020-08-31 23:33:10+00:00,0.001496440274328498,False,,
2020-08-31 23:33:15+00:00,0.0015946771536574159,False,,
2020-08-31 23:33:25+00:00,0.00030335040617879955,False,,
2020-08-31 23:33:30+00:00,0.0007966865775047983,False,,
2020-08-31 23:33:35+00:00,0.0011503024606550718,False,,
2020-08-31 23:33:40+00:00,0.0007904963262838234,False,,
2020-08-31 23:33:45+00:00,0.0008936680193787354,False,,
2020-08-31 23:33:50+00:00,0.0004978655396518939,False,,
2020-08-31 23:33:55+00:00,0.0005011234315342907,False,,
2020-08-31 23:34:00+00:00,0.00017396414760395418,False,,
2020-08-31 23:34:05+00:00,0.0004842208657109712,False,,
2020-08-31 23:34:10+00:00,0.0007545144577550403,False,,
2020-08-31 23:34:15+00:00,0.00013583867905667184,False,,
2020-08-31 23:34:20+00:00,0.0003452276910389941,False,,
2020-08-31 23:34:25+00:00,0.0009275590817175877,False,,
2020-08-31 23:34:30+00:00,0.0014685356602147722,False,,
2020-08-31 23:34:35+00:00,0.001592925060591288,False,,
2020-08-31 23:34:40+00:00,0.0007123704421499787,False,,
2020-08-31 23:34:45+00:00,0.0011391180941910752,False,,
2020-08-31 23:34:50+00:00,0.0006177300349602204,False,,
2020-08-31 23:34:55+00:00,0.0005731665296861039,False,,
2020-08-31 23:35:00+00:00,0.0004467521933645459,False,,
2020-08-31 23:35:05+00:00,0.00028346365177673563,False,,
2020-08-31 23:35:10+00:00,0.00026931055331613096,False,,
2020-08-31 23:35:15+00:00,0.0008029691929865469,False,,
2020-08-31 23:35:20+00:00,0.00045356341914750954,False,,
2020-08-31 23:35:25+00:00,0.0009877740756542399,False,,
2020-08-31 23:35:30+00:00,0.0009458747655105774,False,,
2020-08-31 23:35:35+00:00,3.8737720235015866e-05,False,,
2020-08-31 23:35:40+00:00,0.0004944352022067586,False,,
2020-08-31 23:35:45+00:00,0.000845824952236347,False,,
2020-08-31 23:35:50+00:00,0.000323857705201853,False,,
2020-08-31 23:35:55+00:00,0.000164792977321263,False,,
2020-08-31 23:36:00+00:00,0.0004948452483574862,False,,
2020-08-31 23:36:05+00:00,0.0008891103251488676,False,,
2020-08-31 23:36:10+00:00,0.0006650554841621355,False,,
2020-08-31 23:36:15+00:00,0.0001714287212883741,False,,
2020-08-31 23:36:20+00:00,0.0002789847364748506,False,,
2020-08-31 23:36:25+00:00,0.0009849787964041918,False,,
2020-08-31 23:36:30+00:00,0.00022546225517520958,False,,
2020-08-31 23:36:35+00:00,0.0004960229470161937,False,,
2020-08-31 23:36:40+00:00,0.0004120117147522337,False,,
2020-08-31 23:36:45+00:00,0.0003831947066291706,False,,
2020-08-31 23:36:50+00:00,0.0005745686747339517,False,,
2020-08-31 23:36:55+00:00,0.0007567522660986998,False,,
2020-08-31 23:37:00+00:00,0.0005016054099392176,False,,
2020-08-31 23:37:05+00:00,0.0009567753518917586,False,,
2020-08-31 23:37:10+00:00,0.0011829991365164326,False,,
2020-08-31 23:37:15+00:00,0.0007745073417242196,False,,
2020-08-31 23:37:20+00:00,0.0007200665198047997,False,,
2020-08-31 23:37:25+00:00,0.0005062214319266592,False,,
2020-08-31 23:37:30+00:00,0.0007801318346350877,False,,
2020-08-31 23:37:35+00:00,0.00017504805829552918,False,,
2020-08-31 23:37:40+00:00,0.0002517754651994801,False,,
2020-08-31 23:37:45+00:00,0.0004240497590371081,False,,
2020-08-31 23:37:50+00:00,0.0002871484629607418,False,,
2020-08-31 23:37:55+00:00,0.00024997755816790027,False,,
2020-08-31 23:38:00+00:00,5.466771605483474e-05,False,,
2020-08-31 23:38:05+00:00,0.0005052043415883255,False,,
2020-08-31 23:38:10+00:00,0.00012249705191571495,False,,
2020-08-31 23:38:15+00:00,0.0005522080099732516,False,,
2020-08-31 23:38:20+00:00,0.00013281258360155852,False,,
2020-08-31 23:38:25+00:00,0.0005942802978301994,False,,
2020-08-31 23:38:30+00:00,0.00041604058204434757,False,,
2020-08-31 23:38:35+00:00,0.0003298008870414901,False,,
2020-08-31 23:38:40+00:00,0.0006504480056839775,False,,
2020-08-31 23:38:45+00:00,0.00042502436583733734,False,,
2020-08-31 23:38:50+00:00,4.021980475685768e-05,False,,
2020-08-31 23:38:55+00:00,0.0004190929432857129,False,,
2020-08-31 23:39:00+00:00,0.0002465796020415384,False,,
2020-08-31 23:39:05+00:00,0.0002628942902377108,False,,
2020-08-31 23:39:10+00:00,0.0005152210682941898,False,,
2020-08-31 23:39:15+00:00,0.0001350905793677362,False,,
2020-08-31 23:39:20+00:00,0.0008949583602406925,False,,
2020-08-31 23:39:25+00:00,0.0010559622168955696,False,,
2020-08-31 23:39:30+00:00,0.0007401654051488585,False,,
2020-08-31 23:39:35+00:00,0.0002816785988514481,False,,
2020-08-31 23:39:40+00:00,2.8773104336571972e-05,False,,
2020-08-31 23:39:45+00:00,0.0005424362980394752,False,,
2020-08-31 23:39:50+00:00,0.0007514594245768895,False,,
2020-08-31 23:39:55+00:00,0.0008339858681178702,False,,
2020-08-31 23:40:00+00:00,0.00038562780761050445,False,,
2020-08-31 23:40:05+00:00,0.0006734154816035679,False,,
2020-08-31 23:40:10+00:00,0.0006134835053769733,False,,
2020-08-31 23:40:15+00:00,0.00027419996875580895,False,,
2020-08-31 23:40:20+00:00,0.0005111091906774068,False,,
2020-08-31 23:40:25+00:00,0.0003266882201556993,False,,
2020-08-31 23:40:30+00:00,0.0011287022910233988,False,,
2020-08-31 23:40:35+00:00,0.0007043828703905779,False,,
2020-08-31 23:40:40+00:00,0.0005440873596933097,False,,
2020-08-31 23:40:45+00:00,0.00026473160739470055,False,,
2020-08-31 23:40:50+00:00,0.0002875145992994904,False,,
2020-08-31 23:40:55+00:00,0.00028220823623631376,False,,
2020-08-31 23:41:00+00:00,0.00013479877623792219,False,,
2020-08-31 23:41:05+00:00,0.0006544890726657534,False,,
2020-08-31 23:41:10+00:00,0.0006083005428403132,False,,
2020-08-31 23:41:15+00:00,0.0010514436116798944,False,,
2020-08-31 23:41:20+00:00,0.000492681562725407,False,,
2020-08-31 23:41:25+00:00,0.00043408784119426647,False,,
2020-08-31 23:41:30+00:00,0.00035959053694835006,False,,
2020-08-31 23:41:35+00:00,0.00043273429739499925,False,,
2020-08-31 23:41:40+00:00,0.0005255846461862381,False,,
2020-08-31 23:41:45+00:00,0.0004161734863847005,False,,
2020-08-31 23:41:50+00:00,0.000466711663967316,False,,
2020-08-31 23:41:55+00:00,0.0005239808629239054,False,,
2020-08-31 23:42:00+00:00,0.000832398628656575,False,,
2020-08-31 23:42:05+00:00,0.00020280518356742707,False,,
2020-08-31 23:42:10+00:00,0.0006038117233768456,False,,
2020-08-31 23:42:15+00:00,0.0008199639486692713,False,,
2020-08-31 23:42:20+00:00,0.0006844327265941188,False,,
2020-08-31 23:42:25+00:00,0.0006190400733221211,False,,
2020-08-31 23:42:30+00:00,0.00016651752694432607,False,,
2020-08-31 23:42:35+00:00,0.00030858275315458347,False,,
2020-08-31 23:42:40+00:00,0.0006663271041749394,False,,
2020-08-31 23:42:45+00:00,0.0009013466311576917,False,,
2020-08-31 23:42:50+00:00,0.0007394529909699018,False,,
2020-08-31 23:42:55+00:00,0.00028102942220034274,False,,
2020-08-31 23:43:00+00:00,0.0003994736030902751,False,,
2020-08-31 23:43:05+00:00,0.0007393176676416075,False,,
2020-08-31 23:43:10+00:00,0.0004005719810390378,False,,
2020-08-31 23:43:15+00:00,0.00046164380652031784,False,,
2020-08-31 23:43:20+00:00,0.0008643445497996516,False,,
2020-08-31 23:43:25+00:00,0.0005212266861943312,False,,
2020-08-31 23:43:30+00:00,0.0010503471208458564,False,,
2020-08-31 23:43:35+00:00,0.0006093603870394664,False,,
2020-08-31 23:43:40+00:00,0.00029375061457093116,False,,
2020-08-31 23:43:45+00:00,0.00028277435620966,False,,
2020-08-31 23:43:50+00:00,0.000242037252322826,False,,
2020-08-31 23:43:55+00:00,0.0009805001673782068,False,,
2020-08-31 23:44:00+00:00,0.0013281574825354772,False,,
2020-08-31 23:44:05+00:00,0.0010475104441247153,False,,
2020-08-31 23:44:10+00:00,0.0005498636022871144,False,,
2020-08-31 23:44:15+00:00,0.0005897328164756994,False,,
2020-08-31 23:44:20+00:00,0.0005046896338688996,False,,
2020-08-31 23:44:25+00:00,0.0006818580407771007,False,,
2020-08-31 23:44:30+00:00,0.0006108273867706222,False,,
2020-08-31 23:44:35+00:00,0.0006335995282635668,False,,
2020-08-31 23:44:40+00:00,0.00043311462309166134,False,,
2020-08-31 23:44:45+00:00,0.00010519275462274112,False,,
2020-08-31 23:44:50+00:00,0.0009061699294712698,False,,
2020-08-31 23:44:55+00:00,0.0011262454158275275,False,,
2020-08-31 23:45:00+00:00,0.0005179090918884608,False,,
2020-08-31 23:45:05+00:00,0.00020790607496787492,False,,
2020-08-31 23:45:10+00:00,0.0005180475673610408,False,,
2020-08-31 23:45:15+00:00,0.0003687725860572622,False,,
2020-08-31 23:45:20+00:00,0.0005463077163012324,False,,
2020-08-31 23:45:25+00:00,0.0008834000144963113,False,,
2020-08-31 23:45:30+00:00,0.0003302203299541025,False,,
2020-08-31 23:45:35+00:00,0.0003230191741724863,False,,
2020-08-31 23:45:40+00:00,0.0005351227741782517,False,,
2020-08-31 23:45:45+00:00,0.0005097755868015213,False,,
2020-08-31 23:45:50+00:00,0.00035565177933866865,False,,
2020-08-31 23:45:55+00:00,0.0007165796617284885,False,,
2020-08-31 23:46:00+00:00,0.0008421338865424123,False,,
2020-08-31 23:46:05+00:00,0.0012088612159496756,False,,
2020-08-31 23:46:10+00:00,0.0007189642708248917,False,,
2020-08-31 23:46:15+00:00,0.0005898080893437858,False,,
2020-08-31 23:46:20+00:00,0.0002390479312377323,False,,
2020-08-31 23:46:25+00:00,0.00027697625119130144,False,,
2020-08-31 23:46:30+00:00,0.0005347698110723468,False,,
2020-08-31 23:46:35+00:00,0.00038654507758022536,False,,
2020-08-31 23:46:40+00:00,0.00035153404277055573,False,,
2020-08-31 23:46:45+00:00,0.0010208587325011217,False,,
2020-08-31 23:46:50+00:00,0.0009245821108076862,False,,
2020-08-31 23:46:55+00:00,0.0010261027465053555,False,,
2020-08-31 23:47:00+00:00,0.0008844847976980655,False,,
2020-08-31 23:47:05+00:00,0.00024018622165586468,False,,
2020-08-31 23:47:10+00:00,0.000699148577815199,False,,
2020-08-31 23:47:15+00:00,0.0003150909978903194,False,,
2020-08-31 23:47:20+00:00,0.00036305168384575024,False,,
2020-08-31 23:47:25+00:00,5.813502560863829e-05,False,,
2020-08-31 23:47:30+00:00,0.00016686523187974632,False,,
2020-08-31 23:47:35+00:00,0.0009177776442460349,False,,
2020-08-31 23:47:40+00:00,0.000758552969406991,False,,
2020-08-31 23:47:45+00:00,0.0004975193649749459,False,,
2020-08-31 23:47:50+00:00,0.0003776823719838049,False,,
2020-08-31 23:47:55+00:00,0.0010385639043742731,False,,
2020-08-31 23:48:00+00:00,0.000712789608775779,False,,
2020-08-31 23:48:05+00:00,0.00023299415716874786,False,,
2020-08-31 23:48:10+00:00,0.0004143920423147452,False,,
2020-08-31 23:48:15+00:00,0.0004920567520953076,False,,
2020-08-31 23:48:20+00:00,0.0005112981114189799,False,,
2020-08-31 23:48:25+00:00,0.00043830144195299855,False,,
2020-08-31 23:48:30+00:00,0.0005390363566914324,False,,
2020-08-31 23:48:35+00:00,0.0010458350673025736,False,,
2020-08-31 23:48:40+00:00,0.001238167804645693,False,,
2020-08-31 23:48:45+00:00,0.0013138555566171127,False,,
2020-08-31 23:48:50+00:00,0.0007591426883813613,False,,
2020-08-31 23:48:55+00:00,0.0006916728169267754,False,,
2020-08-31 23:49:00+00:00,0.0004426427039673084,False,,
2020-08-31 23:49:05+00:00,0.00028176756035219465,False,,
2020-08-31 23:49:10+00:00,0.0005014045160110322,False,,
2020-08-31 23:49:15+00:00,0.0009856618788782918,False,,
2020-08-31 23:49:20+00:00,0.0005084134035985336,False,,
2020-08-31 23:49:25+00:00,0.0006022626257269307,False,,
2020-08-31 23:49:30+00:00,0.00030380613160150763,False,,
2020-08-31 23:49:35+00:00,0.0009979011251695295,False,,
2020-08-31 23:49:40+00:00,0.00017546601941503145,False,,
2020-08-31 23:49:45+00:00,0.0007595738786392123,False,,
2020-08-31 23:49:50+00:00,0.0010225679853472123,False,,
2020-08-31 23:49:55+00:00,0.000564344782837686,False,,
2020-08-31 23:50:00+00:00,0.0005413302214916737,False,,
2020-08-31 23:50:05+00:00,0.0006346970123947713,False,,
2020-08-31 23:50:10+00:00,0.00026595579302367506,False,,
2020-08-31 23:50:15+00:00,0.0005121691800357796,False,,
2020-08-31 23:50:20+00:00,0.0008494079134603895,False,,
2020-08-31 23:50:25+00:00,0.00045696238321820125,False,,
2020-08-31 23:50:30+00:00,0.000455450325245911,False,,
2020-08-31 23:50:35+00:00,0.000499554989007689,False,,
2020-08-31 23:50:40+00:00,0.0004904890910542361,False,,
2020-08-31 23:50:45+00:00,0.0006843585041997048,False,,
2020-08-31 23:50:50+00:00,0.0001593967344998674,False,,
2020-08-31 23:50:55+00:00,0.0007397745268312989,False,,
2020-08-31 23:51:00+00:00,0.0006060839733723667,False,,
2020-08-31 23:51:05+00:00,0.0009038553184282976,False,,
2020-08-31 23:51:10+00:00,0.0003735904046688637,False,,
2020-08-31 23:51:15+00:00,0.0010487226796290245,False,,
2020-08-31 23:51:20+00:00,0.00025445222094253213,False,,
2020-08-31 23:51:25+00:00,0.0007373685285605118,False,,
2020-08-31 23:51:30+00:00,0.0009466387734647405,False,,
2020-08-31 23:51:35+00:00,0.0011894232383630413,False,,
2020-08-31 23:51:40+00:00,0.0008917014816941673,False,,
2020-08-31 23:51:45+00:00,0.0008159562464990314,False,,
2020-08-31 23:51:50+00:00,0.0008918759531449254,False,,
2020-08-31 23:51:55+00:00,0.00033066144755770254,False,,
2020-08-31 23:52:00+00:00,0.0002985060360865266,False,,
2020-08-31 23:52:05+00:00,0.00015718959224225842,False,,
2020-08-31 23:52:10+00:00,0.0006278913480106604,False,,
2020-08-31 23:52:15+00:00,0.0003421307872883829,False,,
2020-08-31 23:52:20+00:00,0.0011552856737563118,False,,
2020-08-31 23:52:30+00:00,0.0009496947652148343,False,,
2020-08-31 23:52:35+00:00,0.0011241120230753685,False,,
2020-08-31 23:52:40+00:00,0.0013510796866051907,False,,
2020-08-31 23:52:45+00:00,0.0014243465506461855,False,,
2020-08-31 23:52:50+00:00,0.0011509351948724164,False,,
2020-08-31 23:52:55+00:00,0.0007239145401074308,False,,
2020-08-31 23:53:00+00:00,0.0003792540506705483,False,,
2020-08-31 23:53:05+00:00,0.0007099125750569783,False,,
2020-08-31 23:53:10+00:00,0.00044975407559351703,False,,
2020-08-31 23:53:15+00:00,0.0005270758674448847,False,,
2020-08-31 23:53:20+00:00,0.0011106406263785683,False,,
2020-08-31 23:53:25+00:00,0.00037237101697014944,False,,
2020-08-31 23:53:30+00:00,0.001355291340147222,False,,
2020-08-31 23:53:35+00:00,0.001423960559796351,False,,
2020-08-31 23:53:40+00:00,0.0008411429116890194,False,,
2020-08-31 23:53:45+00:00,0.00020824589791397762,False,,
2020-08-31 23:53:50+00:00,0.00031800968641572863,False,,
2020-08-31 23:53:55+00:00,0.00021500651769878573,False,,
2020-08-31 23:54:00+00:00,0.0004355070506299913,False,,
2020-08-31 23:54:05+00:00,0.00044939800714472036,False,,
2020-08-31 23:54:10+00:00,0.0004764173777610346,False,,
2020-08-31 23:54:15+00:00,0.0007766584050376702,False,,
2020-08-31 23:54:20+00:00,0.0006733262567920992,False,,
2020-08-31 23:54:25+00:00,0.0007934712477513688,False,,
2020-08-31 23:54:30+00:00,0.0011151524951481784,False,,
2020-08-31 23:54:35+00:00,0.0013878046605629115,False,,
2020-08-31 23:54:40+00:00,0.0013238672444986356,False,,
2020-08-31 23:54:45+00:00,0.0009390221624329259,False,,
2020-08-31 23:54:50+00:00,0.0007273090925491203,False,,
2020-08-31 23:54:55+00:00,0.0009089965330838487,False,,
2020-08-31 23:55:00+00:00,0.0005905408682691098,False,,
2020-08-31 23:55:05+00:00,0.0014068512419348285,False,,
2020-08-31 23:55:10+00:00,0.001384085071550444,False,,
2020-08-31 23:55:15+00:00,0.0006129112928446465,False,,
2020-08-31 23:55:20+00:00,0.0005022856411299784,False,,
2020-08-31 23:55:25+00:00,0.000513017031936625,False,,
2020-08-31 23:55:30+00:00,0.0006100486388672703,False,,
2020-08-31 23:55:35+00:00,0.0009421889756551689,False,,
2020-08-31 23:55:40+00:00,0.0007244910636212276,False,,
2020-08-31 23:55:45+00:00,0.0008594785067656316,False,,
2020-08-31 23:55:50+00:00,0.0008438075886638821,False,,
2020-08-31 23:55:55+00:00,0.00039054908601696077,False,,
2020-08-31 23:56:00+00:00,0.0007101216381679852,False,,
2020-08-31 23:56:05+00:00,0.0012102423160168536,False,,
2020-08-31 23:56:10+00:00,0.0003954288493752612,False,,
2020-08-31 23:56:15+00:00,0.0015400323302760816,False,,
2020-08-31 23:56:20+00:00,0.0009756149095328051,False,,
2020-08-31 23:56:25+00:00,0.0005946462684515014,False,,
2020-08-31 23:56:30+00:00,0.0005144706336076989,False,,
2020-08-31 23:56:35+00:00,0.0001438467256039568,False,,
2020-08-31 23:56:40+00:00,0.0007596031817521013,False,,
2020-08-31 23:56:45+00:00,0.001329061823996815,False,,
2020-08-31 23:56:50+00:00,0.00043836787023968386,False,,
2020-08-31 23:56:55+00:00,0.0009313914181093358,False,,
2020-08-31 23:57:00+00:00,0.0006987910916693074,False,,
2020-08-31 23:57:05+00:00,0.0012477246932668905,False,,
2020-08-31 23:57:10+00:00,0.0001650489921999541,False,,
2020-08-31 23:57:15+00:00,0.0009028258382422959,False,,
2020-08-31 23:57:20+00:00,0.0015648592706097727,False,,
2020-08-31 23:57:25+00:00,0.0006884592609226439,False,,
2020-08-31 23:57:30+00:00,0.0006409805704316098,False,,
2020-08-31 23:57:35+00:00,0.0014661456572350733,False,,
2020-08-31 23:57:40+00:00,0.0003062545200244598,False,,
2020-08-31 23:57:45+00:00,0.001093334673389874,False,,
2020-08-31 23:57:50+00:00,0.0009561575532885666,False,,
2020-08-31 23:57:55+00:00,0.00020207646199436703,False,,
2020-08-31 23:58:00+00:00,0.0006974995684240216,False,,
2020-08-31 23:58:05+00:00,0.0008214019833150826,False,,
2020-08-31 23:58:10+00:00,0.00026089559540604904,False,,
2020-08-31 23:58:15+00:00,0.0005542714173489262,False,,
2020-08-31 23:58:20+00:00,0.0014079128811437386,False,,
2020-08-31 23:58:25+00:00,0.0006094650170998377,False,,
2020-08-31 23:58:30+00:00,0.000685288817622949,False,,
2020-08-31 23:58:35+00:00,0.001118007347279784,False,,
2020-08-31 23:58:40+00:00,0.0006574888202925195,False,,
2020-08-31 23:58:45+00:00,0.0008001271675089136,False,,
2020-08-31 23:58:50+00:00,0.001025867692415871,False,,
2020-08-31 23:58:55+00:00,0.0007434321872220597,False,,
2020-08-31 23:59:00+00:00,0.0016114689006714658,False,,
2020-08-31 23:59:05+00:00,0.0013834619008875147,False,,
2020-08-31 23:59:10+00:00,0.0007111410448822204,False,,
2020-08-31 23:59:15+00:00,0.00022272022356646624,False,,
2020-08-31 23:59:20+00:00,0.0006097311507597769,False,,
2020-08-31 23:59:25+00:00,0.0013216342556215887,False,,
2020-08-31 23:59:30+00:00,0.00099541816141689,False,,
2020-08-31 23:59:35+00:00,0.0010399293432162586,False,,
2020-08-31 23:59:40+00:00,0.001024268844267897,False,,
2020-08-31 23:59:45+00:00,0.00012264249076957394,False,,
2020-08-31 23:59:50+00:00,0.0012109357525816786,False,,
